"tipo_logradouro","logradouro","numero","complemento","bairro","cep","uf","municipio"
RUA,PERNAMBUCO,"87",      LOTEAMENTO MARIA PER      CILIA II,BARREIRINHAS,"47810710",BA,BARREIRAS
RUA,SANTOS DUMONT,S/N,,CENTRO,"28010220",RJ,CAMPOS DOS GOYTACAZES
AVENIDA,BARREIRAS,"795",LOJA  B,MIMOSO DO OESTE,"47850000",BA,LUIS EDUARDO MAGALHAES
AVENIDA,DOIS DE JULHO,"96",ANDAR 2                   LOJA  212 A,ERNESTO MELO,"44440900",BA,SANTO ANTONIO DE JESUS
RUA,DAS JANDAIAS,"54",TERREO,CENTRO,"45810000",BA,PORTO SEGURO
RUA,OSVALDO CRUZ,"130",TERREO,CENTRO,"45836000",BA,ITAMARAJU
RUA,JUVENAL DE SA,"111",,CAMPOS ELISEOS,"14085020",SP,RIBEIRAO PRETO
QUADRA,SHCS SQ 406 BLOCO A PLL 01 PARTE LOJA,"02",,ASA SUL,"70255010",DF,BRASILIA
AVENIDA,JOSE FONSECA E SILVA,"395",LOJA  02,LUIZOTE DE FREITAS,"38414016",MG,UBERLANDIA
AVENIDA,DA PEDRA BRANCA,"184",ARMZ  PARTE CD. 04        SALA  ESTOQ,PEDRA BRANCA,"88137270",SC,PALHOCA
AVENIDA,DAS AMERICAS,"03443",      BLC 1 SAL 203,BARRA DA TIJUCA,"22631003",RJ,RIO DE JANEIRO
RODOVIA,BR 282,S/N,KM    375,DISTRITO INDUSTRIAL JOSE FRANCISCO BORDIN,"89613000",SC,ERVAL VELHO
RUA,LEA CABRAL DA CUNHA,"126",,CENTRO,"23815410",RJ,ITAGUAI
RODOVIA,IVO SILVEIRA  SC 108,"584",,STEFFEN - URBANO,"88355200",SC,BRUSQUE
AVENIDA,SAO PAULO,"170",SALA  202/203/204/205,CENTRO,"86010060",PR,LONDRINA
RUA,DAS ROLINHAS,"288",QUADRA36                  LOTE  11,ESPLANADA III,"79560000",MS,CHAPADAO DO SUL
RUA,JULIO DE CASTILHOS,"870",,CENTRO,"96810156",RS,SANTA CRUZ DO SUL
AVENIDA,DAS AMERICAS,"03500",      BLC 07 SAL 206,BARRA DA TIJUCA,"22640102",RJ,RIO DE JANEIRO
RUA,PER. NORTE WILSON BELTRAMIN,"2641",ANEXO AUTO POSTO 5 RODA II      1 ANDAR                   SALA 19,POLO INDUSTRIAL,"79150000",MS,MARACAJU
RUA,CEL. MARCOS ROVARIS,"90",,CENTRO,"88820000",SC,ICARA
VIA,LITORANEA,SN,,PONTA DE CAMPINA,"58101650",PB,CABEDELO
RODOVIA,ESTADUAL RS 347,S/N,KM    ACS JACI NASCIMENTO,INDUSTRIAL,"96900000",RS,SOBRADINHO
RODOVIA,BR-153,S/N,KM    516                 QUADRAAREA                LOTE  01                  ANDAR 2                   SALA  03,ROSA DOS VENTOS,"74989840",GO,APARECIDA DE GOIANIA
RUA,URUGUAI,"122",SALA  03                  BOX   100,CENTRO,"88302200",SC,ITAJAI
AVENIDA,C,S/N,LOTE  010                 QUADRAB                         CHACARA 24-A,ELDORADO,"78664000",MT,SANTA CRUZ DO XINGU
AVENIDA,DESEMBARGADOR MARIO DA SILVA NUNES,"717",SALA  209,JARDIM LIMOEIRO,"29164044",ES,SERRA
RODOVIA,DISTRITO MOENDA,SN,      KM 235 BR 101,BR.101 - CENTRO,"45416000",BA,PRESIDENTE TANCREDO NEVES
RUA,ANTONIO STELLA,"570",,CENTRO,"95305000",RS,IBIRAIARAS
AVENIDA,AMERICA,"441",,CHACARA GUANABARA,"08900000",SP,GUARAREMA
AVENIDA,SENADOR HELVIDIO NUNES,"1384",LOJA  05                  LETRA C,CATAVENTO,"64607165",PI,PICOS
AVENIDA,MATO GROSSO,"1187S",,CENTRO,"78370000",MT,NOVA OLIMPIA
ESTRADA,"MUNICIPAL LUCIANO GONCALVES FERREIRA, KM 3,5",SN,,JARDIM ALVORADA,"13841082",SP,MOGI GUACU
RODOVIA,CEZARIO J. CASTILHO,KM 403,,AREA RURAL DE IBITINGA,"14949899",SP,IBITINGA
AVENIDA,AMAZONAS,"641",SALA  2A                  SALA  209                 SALA  15B,CENTRO,"30180908",MG,BELO HORIZONTE
RODOVIA,BR 262 AQUIDAUANA/MIRANDA KM 06,SN,KM    KM 57 FAZ. SAO JOSE,ZONA RURAL,"79200000",MS,AQUIDAUANA
RUA,ALAIDE DA SILVA CORREIA,"673",,COSTA E SILVA,"79260000",MS,BELA VISTA
RUA,DOS JAMBEIROS,"277",,VILA SAO PEDRO,"13466470",SP,AMERICANA
ESTRADA,DO IMPERADOR,"3486",,LIMOEIRO,"08051000",SP,SAO PAULO
AVENIDA,PAULISTA,"2028",ANDAR 11                  CONJ  111 - CV 1188,BELA VISTA,"01310927",SP,SAO PAULO
RUA,RONDONIA,"196",QUADRA010                 LOTE  0010,CIDADE PRIMAVERA II,"78850000",MT,PRIMAVERA DO LESTE
RUA,ALCOBACA,"1417",SALA  A,SAO FRANCISCO,"31255210",MG,BELO HORIZONTE
RUA,PRESIDENTE QUARESMA,"1007-A",,LAGOA SECA,"59022150",RN,NATAL
RUA,VICINAL 1,"727",,RESIDENCIAL LUIZ CARLOS PARANA,"86410000",PR,RIBEIRAO CLARO
RUA,IGUATEMI,"192",CONJ  191                 EDIF  I. OFFICE BUILDING,ITAIM BIBI,"01451010",SP,SAO PAULO
RUA,TEIXEIRA BARROS,"59",FUNDOS05 F,PARQUE BELA VISTA,"40279090",BA,SALVADOR
RUA,AGOSTINHO NUNES DE MAGALHAES,"159",,NOSSA SENHORA DA PENHA,"56903510",PE,SERRA TALHADA
ALAMEDA,ARAGUAIA,"762",LOJA  31 - 32 - 33,ALPHAVILLE INDUSTRIAL,"06455000",SP,BARUERI
RUA,JOSUE GUEDES PEREIRA,"100",LOJA  03,BESSA,"58035040",PB,JOAO PESSOA
RUA,PROFESSOR JOSE NOGUEIRA DE ABREU,"672",,JARDIM CANAA,"17128100",SP,AGUDOS
AVENIDA,SEVERINO VIEIRA,"501",LOJA  05,CENTRO,"48005460",BA,ALAGOINHAS
AVENIDA,GOVERNADOR AMARAL PEIXOTO,"252",,CENTRO,"26210060",RJ,NOVA IGUACU
AVENIDA,PROFESSOR MANOEL DE ABREU,"00761",      LOT 2 PAL 48778,VILA ISABEL,"20550170",RJ,RIO DE JANEIRO
RODOVIA,BR 316,S/N,KM    37,ZONA RURAL,"68790000",PA,SANTA ISABEL DO PARA
RUA,"115",S/N,QUADRAF41A                LOTE  11                  SALA  03                  BLOCO 01,SETOR SUL,"74085328",GO,GOIANIA
RUA,DA CAMPINA,"165",SALA  16,NOVA CARAMBEI,"84145000",PR,CARAMBEI
AVENIDA,ANTONIO MARIO DE AZEVEDO,"2455",GALPAO1,DUAS PEDRAS,"28630310",RJ,NOVA FRIBURGO
RUA,VATICANO,"1008",,CONDOMINIO FECHADO PICCOLO PAESE,"13329030",SP,SALTO
RUA,HORIZONTINA,"978",SALA  1,CENTRO,"98910000",RS,TRES DE MAIO
RUA,DOIS VIZINHOS,"77",SALA  02,JARDIM LANCASTER II,"85869460",PR,FOZ DO IGUACU
RUA,FELIPE SCHMIDT,"15",,CENTRO I - URBANO,"88350075",SC,BRUSQUE
RODOVIA,MT 130 KM 493,S/N,ANEXO FAZENDA SANTA EMILIA,ZONA RURAL,"78870000",MT,PARANATINGA
AVENIDA,GENERAL FLORES DA CUNHA,"1050",SALA  704 ESTACAO 10,VILA VERANOPOLIS,"94910001",RS,CACHOEIRINHA
LOTEAMENTO,RURAL Nº 98,S/N,SETOR 09,GLEBA CORUMBIARA,"76995000",RO,CORUMBIARA
AVENIDA,AYRTON SENNA DA SILVA,"0",KM    364,PASCOAL RAMOS,"78098000",MT,CUIABA
RUA,"95","99",QUADRAF13                 LOTE  09-E                SALA  510,SET SUL,"74083100",GO,GOIANIA
AVENIDA,WASHINGTON LUIS,"831",,SANTO AMARO,"04662001",SP,SAO PAULO
AVENIDA,GIOVANNI GRONCHI,"6195",EDIF  GIOVANNI GRONCHI OFFSALA  1609,VILA ANDRADE,"05724003",SP,SAO PAULO
AVENIDA,MIRIAM,"92",,CENTRO,"06320060",SP,CARAPICUIBA
CONDOMINIO,"CONDOMINIO SOL NASCENTE, CONJUNTO B, LOTE","20",,DF 425,"73092905",DF,BRASILIA
RUA,"15",SN,QUADRA15                  LOTE  07                  GALPAO05,POLO EMPRESARIAL GOIAS - ETAPA III,"74985186",GO,APARECIDA DE GOIANIA
AVENIDA,WASHINGTON LUIS,S/N,SALA  DE EMBARQUE REMOTO  ANDAR TERREO TERM DE PASS,SANTO AMARO,"04627006",SP,SAO PAULO
RUA,DOS CORRENTISTAS,"325",,VILA BANCARIA,"03918090",SP,SAO PAULO
AVENIDA,SOLIMOES,"2067",,DISTRITO INDUSTRIAL II,"69007004",AM,MANAUS
ESTRADA,ESTRADA ARY ANTUNES,S/N,,KM 4,"69425000",AM,CAAPIRANGA
MARGEM,MARGEM DO RIO PARANA DO ANAMA,S/N,,CENTRO,"69445000",AM,ANAMA
RUA,ADALBERTO FERREIRA AMARAL,"79",,CENTRO,"35520052",MG,NOVA SERRANA
RUA,SETE DE SETEMBRO,"2057",,CENTRO,"97501648",RS,URUGUAIANA
RUA,RUA PARANA,"1610",,CENTRO,"79490000",MS,SAO GABRIEL DO OESTE
AVENIDA,DR GASTAO VIDIGAL,"1946",,VILA LEOPOLDINA,"05316900",SP,SAO PAULO
AVENIDA,JOSE HERCULANO,"1086",BLOCO I                   LOJA  I-01,PONTAL DE SANTA MARINA,"11672901",SP,CARAGUATATUBA
RUA,PARANA,"101",LOTE  06                  QUADRA11,CENTRO,"78360000",MT,CAMPO NOVO DO PARECIS
AVENIDA,GOIAS,"1994",QUADRA7                   LOTE  6,SETOR CENTRAL,"77410010",TO,GURUPI
PRACA,PREFEITO EUCLIDES ANTONIO FABRIS,"477",,CENTRO,"79950000",MS,NAVIRAI
AVENIDA,EXPEDICIONARIO WEBER,"245",ANEXO PARTE,CENTRO,"98780340",RS,SANTA ROSA
PRACA,CORONEL JOAQUIM JOSE,"156",SALA  POSTO DE ATENDIMENTO,CENTRO,"13870120",SP,SAO JOAO DA BOA VISTA
RUA,CORONEL MARCOS ROVARIS,"290",,CENTRO,"88930000",SC,TURVO
AVENIDA,JERONIMO DE ALBUQUERQUE MARANHAO,"3",,COHAB ANIL,"65051210",MA,SAO LUIS
AVENIDA,GETULIO VARGAS,"1847",,FABRIL,"65025000",MA,SAO LUIS
RUA,FLORIANO PEIXOTO,"170",,CENTRO,"14730000",SP,MONTE AZUL PAULISTA
RUA,TRINTA E DOIS (LOT JD INDUSTRIARIO I),SN,      ANTIGA RUA 21             IND. 2/7                  AREA 1,JARDIM INDUSTRIARIO,"78098668",MT,CUIABA
VIA,SECUNDARIA 2,S/N,QUADRA04 MODULO 19        SALA  02,BAIRRO DAIO,"75280000",GO,ORIZONA
RODOVIA,RS-350,"0",KM    28,SAO LUIZ,"96785400",RS,CAMAQUA
RUA,ELCIO LUIZ CAVALCANTE,"650",ANEXO HOSPITAL UNIMED,COGNOPOLIS,"85856771",PR,FOZ DO IGUACU
RUA,GOIAS,"1048",,HIGIENOPOLIS,"15805000",SP,CATANDUVA
RUA,RIO ITAQUI,"0",,VILA BURITI,"69072080",AM,MANAUS
ILHA,MOCANGUE GRANDE,S/N,,PONTA D'AREIA,"24040300",RJ,NITEROI
QUADRA,QUADRA 1/2 AREA ESPECIAL 4,S/N,      COMERCIAL 1,PARANOA PARQUE (PARANOA),"71587032",DF,BRASILIA
AVENIDA,BRASIL,"136",,BAIXADA AMARELA,"85892000",PR,SANTA HELENA
RUA,APARICIO BORGES DO REGO,"400",,CENTRO,"79700000",MS,FATIMA DO SUL
RODOVIA,BR-153,"1555",,PASSO DO MOURA,"96504800",RS,CACHOEIRA DO SUL
RUA,PLINIO DE CASTRO,"728",,DOIS E JULHO,"46640000",BA,ITUACU
AVENIDA,RIO DO OURO,S/N,LOTE  03                  QUADRA02,VILA ROSA,"76550000",GO,PORANGATU
RUA,LINDOLFO GARCIA ADJUTO,"732",      INCLUI O NR. 750,ALTO DO CORREGO,"38606026",MG,PARACATU
AVENIDA,JOSE DE PAULA BARBOSA,"390",      A,CENTRO,"37690000",MG,SAPUCAI-MIRIM
RUA,RIO BRANCO,"35",SALA  202,CENTRO,"27330030",RJ,BARRA MANSA
AVENIDA,FRANCISCO RODRIGUES FILHO,"6532",,VILA SUISSA,"08810000",SP,MOGI DAS CRUZES
RUA,DIRETA DA MATA ESCURA,"13",      .,MATA ESCURA,"41225190",BA,SALVADOR
RODOVIA,BR 104 KM 70,S/N,BLOCO A CEACA             LOJA  04/05/35/36,CIDADE ALTA,"55002970",PE,CARUARU
RUA,PRIMEIRO DE MAIO,"442",,CENTRO,"83323020",PR,PINHAIS
RUA,CEL. LIBORIO GOMES DA SILVA,S/N,ANEXO,CENTRO,"61760000",CE,EUSEBIO
RODOVIA,BR-392,"1001",SALA  18                  KM    12,ZONA PORTUARIA,"96204480",RS,RIO GRANDE
SETOR,ACSV SE 32,LO 05,LOTE  17                  SALA  01,PLANO DIRETOR SUL,"77021026",TO,PALMAS
RODOVIA,JOSE MATICOLLI,SN,KM    4,ZONA RURAL,"15685000",SP,OUROESTE
QUADRA,"QI 33, BLOCO A, LOJA 09, SALA","110",,GUARA II,"71065330",DF,BRASILIA
RODOVIA,WASHINGTON LUIZ,"13350",QUADRA03                  LOTE  01                  SALA  01                  KM    111,JARDIM PRIMAVERA,"25213005",RJ,DUQUE DE CAXIAS
ENTRADA,"386",SN,,DISTRITO INDUSTRIAL,"92510971",RS,MONTENEGRO
AVENIDA,IVAI,"2084",SALA  01,GLEBA PATRIMONIO PAICANDU,"87140000",PR,PAICANDU
RODOVIA,LUIZ CARLOS MACENTE,"874",,JARDIM RESIDENCIAL HAMADA,"86990000",PR,MARIALVA
AVENIDA,DOUTOR ARLINDO JOAQUIM DE LEMOS,"1009",SALA  COMERCIAL B,VILA LEMOS,"13100450",SP,CAMPINAS
RUA,CECILIA DELGADO,"125A",,CENTRO,"56460000",PE,PETROLANDIA
RUA,EPICURO,"630",,CENTRO,"39495000",MG,MONTALVANIA
AVENIDA,SANTA BEATRIZ DA SILVA,"1501",,SAO BENEDITO,"38020433",MG,UBERABA
RODOVIA,PR-317 - KM 05 - SHOPPING PARANA MODA PARK,"5428",LOJA  181/182,PARQUE INDUSTRIAL - GLEBA RIBEIRAO PINGUIM,"87065005",PR,MARINGA
RUA,DO VIDEO,"97",,CENTRO,"63180000",CE,BARBALHA
AVENIDA,RIO BRANCO,"178",TERREOESQ.G.FERNANDES 3169,JARDIM SHANGRI-LA A,"86070535",PR,LONDRINA
RUA,PROFESSOR FRANCISCO VALIO,"1574",,CENTRO,"18200035",SP,ITAPETININGA
AREA,RURAL,SN,GALPAOGRANJA KOGRANJA,AREA RURAL DE PATOS,"58708899",PB,PATOS
QUADRA,ACSV SE 112 AVENIDA LO 27,SN,LOTE  5,PLANO DIRETOR SUL,"77024054",TO,PALMAS
AVENIDA,DOUTOR NELSON D'AVILA,"1837",SALA  718 E 719,JARDIM SAO DIMAS,"12245030",SP,SAO JOSE DOS CAMPOS
RUA,SALDANHA MARINHO,"1001",SALA  3,CENTRO,"17201310",SP,JAU
AVENIDA,LUIZ GUARESCH,"20",LOJA  23 E 24,INVERNADA,"15895000",SP,CEDRAL
AVENIDA,MANOEL RIBAS,"3898",,CASCATINHA,"82025160",PR,CURITIBA
RUA,FENELON MULLER,SN,SALA  11                  COND  CENTRO EMPRES.CONDOR,CENTRO NORTE,"78110440",MT,VARZEA GRANDE
AVENIDA,JOSE SABOIA,"1001",,CAIS DO PORTO,"60180480",CE,FORTALEZA
RUA,BOLIVIA,"454",,GUILHERMINA,"11701850",SP,PRAIA GRANDE
RUA,DO ROCIO,"423",SALA  202 E 203,VILA OLIMPIA,"04552000",SP,SAO PAULO
RUA,CLAUDIO BARBOSA,"272",,CENTRO,"67212010",PA,MARITUBA
PRACA,PREFEITO ARMANDO RIOS,"152",,CENTRO,"35360000",MG,SAO PEDRO DOS FERROS
PRACA,VINTE E QUATRO DE JUNHO,"40",,ALVINOPOLIS,"12942552",SP,ATIBAIA
VIA DE ACESSO,JOAO DE GOES,"1701",BLOCO A                   SALA  A05-C1,JARDIM ALVORADA,"06612000",SP,JANDIRA
RODOVIA,DO CAFE,"633",KM    350 BR 376,VILA GOMES,"84350000",PR,ORTIGUEIRA
QUADRA,QE 20 LOTE I,S/N,      PARTE                     LOJA DE CONVENIENCIA,GUARA I,"71015205",DF,BRASILIA
RUA,BEIRA RIO,"580",      B,ITANHANGA,"22753992",RJ,RIO DE JANEIRO
RUA,DOUTOR CAMPOS VELHO,"1388",,CRISTAL,"90820000",RS,PORTO ALEGRE
RUA,DO PARAISO,"173",,SANTO ANTONIO,"48903050",BA,JUAZEIRO
AVENIDA,T1,"2633",QUADRA104B                LOTE  60                  EDIF  SANTA BARBARA,SET BUENO,"74210025",GO,GOIANIA
TRAVESSA,DOS CURSINO,"500",,CENTRO,"63780000",CE,MONSENHOR TABOSA
VIA,ANCHIETA,"983",,CIDADE NOVA HELIOPOLIS,"04247001",SP,SAO PAULO
AREA,RURAL - LINHA BOEMIOS,"143",,AREA RURAL DE FARROUPILHA,"95181899",RS,FARROUPILHA
RUA,B  LOT ADAIL MOREIRA DE OLIVEIRA,"178",CASA,CENTRO,"48370000",BA,ESPLANADA
RUA,DOMINGOS LORDSLEEN,"434",,PONTA DA TERRA,"57030670",AL,MACEIO
RODOVIA,JOSE CARLOS DAUX,"4150",SALA  1                   SALA  2,SACO GRANDE,"88032005",SC,FLORIANOPOLIS
VIA,ANHANGUERA,S/N,KM    25.5 P. LATERAL 130 SETOR PARTE C895,JARDIM JARAGUA,"05275000",SP,SAO PAULO
RUA,CORONEL JOSE VICENTE,"2 E 67",SETOR B2W,CENTRO,"58800005",PB,SOUSA
RUA,"15 DE NOVEMBRO","163",SETOR B2W,CENTRO,"59900000",RN,PAU DOS FERROS
AVENIDA,CRISPIM FURQUIM DE SIQUEIRA,"503",SALA  05,CENTRO,"83560000",PR,ITAPERUCU
AVENIDA,GOIAS,"1183",QUADRA30 LOTE AREA        SETOR B2W,CENTRO,"75800012",GO,JATAI
AVENIDA,GAL EDGAR FACO,"840",,VILA PEREIRA CERCA,"02924400",SP,SAO PAULO
RUA,TEODORO SAMPAIO,"2799",ANEXO 2809                TERREOMEZANINO,PINHEIROS,"05405250",SP,SAO PAULO
RUA,SETE DE SETEMBRO,"220",,CENTRO,"16400025",SP,LINS
RUA,SENADOR ANTONIO LEMOS,"450",SETOR B2W,CENTRO,"68740010",PA,CASTANHAL
AVENIDA,LAURO DE FREITAS,"336",SETOR B2W,CENTRO,"45000230",BA,VITORIA DA CONQUISTA
AVENIDA,BRASIL,"1670",LOJA  101                 SETOR B2W,CENTRO,"88330040",SC,BALNEARIO CAMBORIU
AVENIDA,JOSE HERCULANO,"1086",LOJA  E 01/04/05/06,JARDIM BRITANIA,"11666000",SP,CARAGUATATUBA
AVENIDA,JOSE MUNIA,"4775",LOJA  A12 - PISO 1,JARDIM REDENTOR,"15085350",SP,SAO JOSE DO RIO PRETO
RUA,PREFEITO JOAO DE SOUZA LIMA,"531",LOTE  04                  QUADRA80,SAO JOAO,"77807160",TO,ARAGUAINA
ESTRADA,MIGUEL PEREIRA,"0",      GALPAO 01 ARMAZEM         10,CARRETAO,"23893000",RJ,SEROPEDICA
RUA,WILHELM CRISTIAN KLEMME,"255",LOJA  002,ERMITAGE,"25975550",RJ,TERESOPOLIS
RUA,TEODORO SAMPAIO,"2174",PAVMTOTERREO E MEZANINO,PINHEIROS,"05406150",SP,SAO PAULO
RUA,BENJAMIN CONSTANT,"23",,CENTRO,"55900000",PE,GOIANA
AVENIDA,BARRETO DE MENEZES,"800",      LJ 186,PIEDADE,"54410902",PE,JABOATAO DOS GUARARAPES
AVENIDA,ISABEL DOMINGUES,"00300",      BLC 005 LOJ 111 112       113 152 153 E 154,GARDENIA AZUL,"22763627",RJ,RIO DE JANEIRO
RODOVIA,BR TREZENTOS E CINQUENTA E SEIS,"3049",LOJA  017E,BELVEDERE,"30320900",MG,BELO HORIZONTE
AVENIDA,ELDES SCHERRER SOUZA,"2162",LOJA  SUC 203 H/I,COLINA DE LARANJEIRAS,"29167080",ES,SERRA
AVENIDA,"DOUTOR OLIVIO LIRA, 353","353",SETOR ESP COM SCP00101,PRAIA DA COSTA,"29101950",ES,VILA VELHA
AVENIDA,VISCONDE DE SOUZA FRANCO,"776",LOJA  15,REDUTO,"66053000",PA,BELEM
ESTRADA,DOS BANDEIRANTES,"08591",      LOJ 1013,JACAREPAGUA,"22783115",RJ,RIO DE JANEIRO
AVENIDA,AYRTON SENNA,"3579",      LOJA PARTE,JACAREPAGUA,"22775002",RJ,RIO DE JANEIRO
RUA,VINTE E QUATRO DE MAIO,"00410",      LOJ B,RIACHUELO,"20950090",RJ,RIO DE JANEIRO
AVENIDA,ABILIO MACHADO,"1664",,ALIPIO DE MELO,"30820622",MG,BELO HORIZONTE
AVENIDA,JOCELIM GOMES PIRES,"2300",LOJA  30 - PISO TERREO,NOSSA SENHORA DE FATIMA,"75709140",GO,CATALAO
AVENIDA,DR JOAO VARGENS,"196",,CENTRO,"45880000",BA,CAMACAN
RUA,PAULINO RODRIGUES DE SOUZA,"559",,CENTRO,"28960000",RJ,IGUABA GRANDE
RUA,SAO LUIZ GONZAGA,"00392",      392A,SAO CRISTOVAO,"20910060",RJ,RIO DE JANEIRO
AVENIDA,ALMERINDO REHEN,"518",,CENTRO,"48500000",BA,EUCLIDES DA CUNHA
AVENIDA,MONSENHOR JOSE ALOISIO PINTO,"300",LOJA  LUC 9A/14,DOM EXPEDITO,"62050255",CE,SOBRAL
AVENIDA,HILTON SOUTO MAIOR,"3901",LOJA  P2073 P2074 P2075,MANGABEIRA,"58055018",PB,JOAO PESSOA
AVENIDA,AV FERNANDO GUILHON,S/N,QUADRAC                   LOTE  C 01 SUC                  ANCORA 01                 RIO TAPAJOS SHOPPING,ELCIONE BARBALHO,"68038305",PA,SANTAREM
RODOVIA,PA 275,S/N,      ZONA DE SERVICOS 1A       LOJA N 59,ALVORA,"68515000",PA,PARAUAPEBAS
RUA,TENENTE JOAQUIM NOGUEIRA DE QUEIROZ,"259",,CENTRO,"62870000",CE,PACAJUS
RUA,CARMELITA SOARES MUNIZ DE ARAUJO,"225",      CJ 009,CASA CAIADA,"53130645",PE,OLINDA
RUA,O,"1044",LOJA  99 A 102            TERREOBURITI SHOPPING,RESIDENCIAL JARDIM CAMPESTRE,"75907681",GO,RIO VERDE
RUA,"2",QD 66,LOTE  7 A 15,JARDIM ORIENTE,"72870225",GO,VALPARAISO DE GOIAS
AVENIDA,MARECHAL FLORIANO PEIXOTO,"44",LOJA  15                  NIVEL I,GONZAGA,"11060910",SP,SANTOS
AVENIDA,HELENA AGUIAR DE FIGUEIREDO,"131",      SEMI-ANCORA 3,IPANEMA,"36205507",MG,BARBACENA
RUA,BATISTA DE OLIVEIRA,"381",      LJ,CENTRO,"36013300",MG,JUIZ DE FORA
AVENIDA,TANCREDO NEVES,"148",      SHOPPING DA BAHIA         PISO 1 LOJA               AMERICANAS,CAMINHO DAS ARVORES,"41820020",BA,SALVADOR
AVENIDA,DORIVAL CAYMMI,"14380",      CENTRO EMPRESARIAL        CAYMMI LOJA 01,ITAPUA,"41635150",BA,SALVADOR
RUA,ANISIO TEIXEIRA,"221",      SHOPPING BOULEVARD        161 LOJA 25,ITAIGARA,"41815060",BA,SALVADOR
AVENIDA,GENERAL SAN MARTIN,"2263",,FAZENDA GRANDE DO RETIRO,"40355000",BA,SALVADOR
RUA,"10","01",,CIDADE OPERARIA,"65058188",MA,SAO LUIS
RUA,PROFESSOR DUILIO CALDERARI,"1904",LOTE  11                  QUADRA35 - SALA 7,JARDIM PAULISTA,"83430000",PR,CAMPINA GRANDE DO SUL
AVENIDA,MATE LARANJEIRA,"650",QUADRA71 LOTE 9 E 12,NLPMG,"85980000",PR,GUAIRA
RUA,FORMOSA,"243",,CENTRO,"86990000",PR,MARIALVA
AVENIDA,DOUTOR QUINZINHO,"511",LOJA  1 - PISO TERREO,CHACARA PECCIOLI,"17210110",SP,JAU
AVENIDA,RUY RODRIGUEZ,"3900",LOJA  A-04,PARQUE UNIVERSITARIO DE VIRACOPOS,"13056460",SP,CAMPINAS
AVENIDA,PRESIDENTE COSTA E SILVA,"527",LOJA  1,BOQUEIRAO,"11701000",SP,PRAIA GRANDE
RUA,GRINAURA MIRANDA,"35",SETOR 105                 QUADRAQ035                LOTE  00A1,XINGO - VILA SERGIPE,"57460000",AL,PIRANHAS
AVENIDA,SAO LUIS REI DE FRANCA,"8",LOJA  1033,TURU,"65065470",MA,SAO LUIS
RUA,JOAO ALENCAR,"2181",LOJA  1161,AEROPORTO,"69310065",RR,BOA VISTA
RODOVIA,BR-497,S/N,KM    RURAL KM 1                480M                      GALPAO 2 - CTR,JARDIM EUROPA,"38414583",MG,UBERLANDIA
RODOVIA,BR 316,"1113",KM    8                   EDIF  PLENO COMERCIAL,CENTRO,"67033000",PA,ANANINDEUA
RUA,PAES DE CARVALHO,"1001",,IANETAMA,"68744580",PA,CASTANHAL
RUA,BARAO DO RIO BRANCO,"39",,CENTRO,"48730000",BA,CONCEICAO DO COITE
PRACA,JOSE MARCELINO,"37",,CENTRO,"48790000",BA,TUCANO
RUA,JOSE PINHEIRO,"74",,CENTRO,"48760000",BA,ARACI
AVENIDA,ANTONIO PEREIRA ARAGAO,"1008",,CENTRO,"65470000",MA,SAO MATEUS DO MARANHAO
AVENIDA,RAUL LOPES,"1000",LOJA  SUC 02 ANCORA,NOIVOS,"64046010",PI,TERESINA
RUA,SETE DE SETEMBRO,"437",,CENTRO,"75650000",GO,MORRINHOS
RUA,PADRE CARAPUCEIRO,"777",      LOJA 117 118 PC,BOA VIAGEM,"51020280",PE,RECIFE
AVENIDA,AYRTON SENNA,"1995",LOTE  10 E 11 QD06        LOTE  SUC SL17A26 39A41,NOVA PARNAMIRIM,"59151610",RN,PARNAMIRIM
ESTRADA,DE RIBAMAR,"1000",LOJA  ANCORA 06,SARAMANTA,"65110000",MA,SAO JOSE DE RIBAMAR
AVENIDA,PRESIDENTE VARGAS,"937",,SETOR CENTRAL,"75901040",GO,RIO VERDE
AVENIDA,OLINDA,"960",LOJA  4,LOT PARK LOZANDES,"74884120",GO,GOIANIA
RUA,DOUTOR JORGE XAVIER DA SILVA,"378",,CENTRO,"84165000",PR,CASTRO
AVENIDA,VICTOR FERREIRA DO AMARAL,"2633",LOJA  L1183               ANDAR L01,TARUMA,"82810350",PR,CURITIBA
AVENIDA,WILSON TAVARES RIBEIRO,"1651",      MODULOS 9 A 13            AREA 3,CHACARAS REUNIDAS SANTA TEREZINHA,"32183680",MG,CONTAGEM
RODOVIA,BR 316,S/N,KM    23/24,ITAPEPOCU,"68795000",PA,BENEVIDES
AVENIDA,RUI BARBOSA,"30 A",,CENTRO,"39330000",MG,BRASILIA DE MINAS
RUA,RODOLFO PEREIRA CAVALCANTE,"170",,CENTRO,"61880000",CE,ITAITINGA
RUA,ANDRADE NEVES,"1933",,CENTRO,"96020080",RS,PELOTAS
RUA,CORONEL VICENTE SABOIA,"102",,CENTRO,"59600120",RN,MOSSORO
AVENIDA,MARIO PINOTTI,"386",,CENTRO,"17380000",SP,BROTAS
RUA,BIAS FORTES,"492",,CENTRO,"39900000",MG,ALMENARA
RUA,CORONEL BIA,S/N,LOJA  04,CENTRO,"62840000",CE,BEBERIBE
AVENIDA,LEOPOLDINO DE OLIVEIRA,"5100",LOJA  ANCORA 5 - PISO 2,VILA OLIMPICA,"38066015",MG,UBERABA
RUA,"15 DE NOVEMBRO","489",QUADRA24                  LOTE  04,CENTRO,"17300000",SP,DOIS CORREGOS
AVENIDA,CORONEL LUIZ GOMES,"196",QUADRA14                  LOTE  6,CENTRO,"69830000",AM,LABREA
ESTRADA,DE JACAREPAGUA,"6069",      LOJA 222 A NIVEL L2,ANIL,"22753033",RJ,RIO DE JANEIRO
AVENIDA,GOIAS,"3401",LOJA  AC01                SETOR A                   QUADRACHACARA             LOTE  0096,ZONA URBANA,"77410010",TO,GURUPI
AVENIDA,BEIRA MAR,"495",,CENTRO,"68670000",PA,BUJARU
AVENIDA,PRESIDENTE MEDICI,S/N,LOTE  25A                 QUADRA58A,CENTRO,"68165000",PA,RUROPOLIS
RUA,CEL. LUIZ P. DOS SANTOS,"41",,TANGUA I,"24890000",RJ,TANGUA
AVENIDA,GETULIO VARGAS,"2992",,CENTRO,"65645000",MA,MATOES
RUA,CORONEL VALENCIO CARNEIRO,"167",,CENTRO,"19880033",SP,CANDIDO MOTA
AVENIDA,DR PAULO RAMOS,"328",,CENTRO,"65570000",MA,ARAIOSES
AVENIDA,PRESIDENTE VARGAS,"1215",,CENTRO,"95320000",RS,NOVA PRATA
PRACA,DR. CORNELIO D FONSECA,"3377",SETOR 010                 QUADRA029                 LOTE  0177,CENTRO,"55550000",PE,AGUA PRETA
AVENIDA,TUPI,"2166",LOJA  TERREA 01,CENTRO,"85501292",PR,PATO BRANCO
AVENIDA,DOS JARDINS (AVENUE OF THE GARDENS) - LADO PAR,"864",LOJA  296                 ANDAR 02 TERRAZO SHOPPING,COACU,"61771830",CE,EUSEBIO
RODOVIA,BR 101 SUL,"9415",GALPAOA DOCAS 8 A 12,CENTRO,"54510000",PE,CABO DE SANTO AGOSTINHO
RODOVIA,RS-118,"9475",      MODULOS 9 10 11 27        28 E 29 - AREA 2,NEOPOLIS,"94100420",RS,GRAVATAI
RODOVIA,ANTONIO MARTINS DE MENEZES,"180",,JARDIM CAMPO NOVO,"49400000",SE,LAGARTO
AVENIDA,CORONEL JOSE SEVERIANO MAIA,"400",SALA  406,VILA BUENOS AIRES,"89300330",SC,MAFRA
RODOVIA,MS 162 KM 02 - ESTRADA DA PICADINHA - FAZ CACHOEIRA,"0",,ZONA RURAL,"79150000",MS,MARACAJU
RUA,JOAO THOMAZ PINTO,"1570",SALA  108                 GALPAO3,CANHANDUBA,"88313045",SC,ITAJAI
AVENIDA,ANTONIO BRADAO DE OLIVEIRA,"180",,CENTRO,"86210000",PR,JATAIZINHO
RUA,CENTO E TRINTA E UM (NUC HAB CPA IV),"221",,MORADA DA SERRA,"78058320",MT,CUIABA
AVENIDA,SENADOR ATILIO FONTANA,S/N,QUADRAIND2                LOTE  15,DISTRITO INDUSTRIAL,"78745800",MT,RONDONOPOLIS
RUA,ROQUE CALAGE,"247",,PASSO DA AREIA,"91350090",RS,PORTO ALEGRE
RUA,PARAIBA,"742",,NOVA IMPERATRIZ,"65907260",MA,IMPERATRIZ
RUA,SALGADO FILHO,"1596",ANEXO B,NOSSA SENHORA DAS GRACAS,"76804118",RO,PORTO VELHO
AVENIDA,BERLIM,"400",,SAO GERALDO,"90240580",RS,PORTO ALEGRE
ESTRADA MUNICIPAL,ADOLFO RANDAZZO,"2010",,SANTA FE,"95046800",RS,CAXIAS DO SUL
RODOVIA,"BR 364 KM 196, A DIREITA 6 KM",SN,LOTE  ESTACIAO UNIAO,ZONA RURAL,"78700970",MT,RONDONOPOLIS
RUA,EDGAR MARCHIORI,"255",SETOR ELANCO 2,DISTRITO INDUSTRIAL,"13288006",SP,VINHEDO
RUA,JOSE MIRANDA DE ALMEIDA,"85",,CENTRO,"33010040",MG,SANTA LUZIA
RODOVIA,"DOMINGOS BRIANTI MT 010, KM 27, LADO ESQUERDO, FAZENDA RES",S/N,,ZONA RURAL,"78435000",MT,SAO JOSE DO RIO CLARO
RUA,COSTA BARROS,"2658",,SITIO PINHEIRINHO,"03210001",SP,SAO PAULO
RUA,JOSE FACHINI,"111",,JOAO APOLINARIO NEVES,"13655364",SP,SANTA CRUZ DAS PALMEIRAS
RUA,VEREADOR JOAO BARBOSA CARAMURU 184,"184",      PARTE A,BANDEIRANTES,"78010900",MT,CUIABA
RUA,ROSA DE SAROM,"134",,JORGE RITT,"79400000",MS,COXIM
RUA,NOVA PETROPOLIS,"268",,JARDIM BUHLER,"93900000",RS,IVOTI
RUA,CANELA,"82",QUADRA82                  LOTE  82,CENTRO,"76350000",GO,RUBIATABA
RUA,ROUXINOL,"6901",,PARQUE INDUSTRIAL IV,"86706418",PR,ARAPONGAS
RUA,GETULIO CANDIDO,SN,ANDAR 1,CENTRO,"48000087",BA,ALAGOINHAS
RUA,ALTAIR,"295",,JARDIM SATELITE,"12230230",SP,SAO JOSE DOS CAMPOS
AVENIDA,SALVADOR,"1928",,CENTRO,"95775000",RS,TUPANDI
RUA,COLOMBIA,"784",,JARDIM AMERICA,"01438001",SP,SAO PAULO
AVENIDA,BERNARDO VIEIRA DE MELO,"4257",      LJ 005,CANDEIAS,"54430770",PE,JABOATAO DOS GUARARAPES
RUA,"02","25",QUADRA1                   LOTE  1,CENTRO,"78635000",MT,AGUA BOA
RUA,DANIEL PESSOA,"34",,ERNESTO GEISEL,"58075360",PB,JOAO PESSOA
RODOVIA,RS-239,"1420",BOX   L21,OPERARIO,"93352700",RS,NOVO HAMBURGO
ACESSO,"RODOVIA DOM PEDRO I, KM 140 SP-065 SALA 11",S/N,PAVLH CEASA,JARDIM SANTA MONICA,"13082902",SP,CAMPINAS
AVENIDA,TAPEJARA,"210",,CENTRO,"87780000",PR,PARAISO DO NORTE
AVENIDA,PRESIDENTE VARGAS,"905",QUADRA02                  LOTE  05,CENTRO,"86790000",PR,LOBATO
AVENIDA,BANDEIRANTES,"3442",,BRIGADEIRO TOBIAS,"18108000",SP,SOROCABA
RUA,PAULO ALVES PINTO,"304",      E 635 E 641 DA RUA        LOURENCO JASIOCHA   CASA  01 A 10,CENTRO,"83702240",PR,ARAUCARIA
ESTRADA,ESTRADA RURAL ANACLETO BALDISSERA,S/N,,SERRINHA,"89816200",SC,CHAPECO
AVENIDA,PRESIDENTE VARGAS,"223",SALA  05,CENTRO,"95320000",RS,NOVA PRATA
RUA,FREI CORNELIO VAN VELZEN,"90",,CASA BLANCA,"39560000",MG,SALINAS
RUA,IZAURA FRANCO DE OLIVEIRA,"759",SALA  15 - VK OFFICE,DA PONTA NOVA,"37640000",MG,EXTREMA
RUA,CAPITAO DESLANDES,"81",,CENTRO,"29300190",ES,CACHOEIRO DE ITAPEMIRIM
RUA,TARAUACA,"1218",,JARDIM CUMBICA,"07240180",SP,GUARULHOS
AVENIDA,AMINTAS BARROS,"3700",SALA  708                 BLOCO A,LAGOA NOVA,"59075810",RN,NATAL
AVENIDA,PORTUGAL,"1397",,JARDIM SAO LUIZ,"14020380",SP,RIBEIRAO PRETO
RUA,PREFEITO ROQUE VERNALHA,"2132",,VILA CRUZEIRO,"83221000",PR,PARANAGUA
AVENIDA,PRESIDENTE GETULIO VARGAS,"15",LETRA B,CENTRO,"59140270",RN,PARNAMIRIM
AVENIDA,ANTONIO TRILHA,"380",,GABRIELENSE,"97306064",RS,SAO GABRIEL
TRAVESSA,JOSE PINHEIRO,S/N,,CENTRO,"68600000",PA,BRAGANCA
AVENIDA,FELIPE TIAGO GOMES,"36",,CENTRO,"75980000",GO,PARAUNA
AVENIDA,DOM PEDRO II,"1173",,NOVA RUSSIA,"84053000",PR,PONTA GROSSA
RODOVIA,DOS METALURGICOS,"941",      PARTE,SAO GERALDO,"27253005",RJ,VOLTA REDONDA
RUA,PIRARUCU,"2635",,AREAS ESPECIAIS,"76870258",RO,ARIQUEMES
RUA,"25 DE DEZEMBRO","2411",,MORRO GRANDE,"89337899",SC,SAO FRANCISCO DO SUL
RUA,SALGADO FILHO,S/N,SETOR HANGAR WALTER GARCIA,JARDIM IPANEMA,"38406393",MG,UBERLANDIA
AVENIDA,NEWTON BELLO,S/N,KM    13 MAIS 2 KM ESQ    SALA  01,SANTA RITA,"65919050",MA,IMPERATRIZ
RUA,VISCONDE DE CAIRU,"1471",,CRISTINA DE FREITAS,"15115000",SP,BADY BASSITT
AVENIDA,MARCOLINO MARTINS CABRAL,"1788",SALA  1004 1005 E 1006,CENTRO,"88705903",SC,TUBARAO
RODOVIA,TO 255,S/N,QUADRA00                  LOTE  15,ZONA RURAL,"77500000",TO,PORTO NACIONAL
RUA,ALFREDO ACHCAR,"970",GALPAO3B,NOVA VINHEDO,"13284072",SP,VINHEDO
AVENIDA,PAULO VI,"17",,PETROPOLIS,"69067390",AM,MANAUS
RUA,DAS ARAPONGAS,"35",,JARDIM NOVA LENCOIS,"18685550",SP,LENCOIS PAULISTA
AVENIDA,DONA RUYCE FERRAZ ALVIM,"333",ANEXO 355,VILA NOGUEIRA,"09951002",SP,DIADEMA
RUA,SALVADOR SILVA,S/N,QUADRA0131                LOTE  0028,VILA NOVA,"75200000",GO,PIRES DO RIO
RUA,SAO LOURENCO,"1529",LOTE  02,CENTRO,"15990250",SP,MATAO
RUA,JOSE BIM,"581",,CENTRO,"12940640",SP,ATIBAIA
RUA,JOSE MARQUES,"180",LOJA  184,VILA SANTA ROSA,"11431020",SP,GUARUJA
AVENIDA,SANTOS DUMONT,SN,QUADRA27A                 LOTE  03,CENTRO,"76255000",GO,MONTES CLAROS DE GOIAS
AVENIDA,INO RESENDE ESQUINA COM RUA ADELTRIDES ALVES SAMPAIO,S/N,QUADRA04                  LOTE  10,SETOR CRUVINEL,"75834113",GO,MINEIROS
RUA,ELIAS BUFAICAL NETO,SN,QUADRA17                  LOTE  09,VILA ISABEL,"75367896",GO,GOIANIRA
RUA,HILDA DEL NERO BISQUOLO,"102",LOJA  08,JARDIM FLORIDA,"13208703",SP,JUNDIAI
ESTRADA,DO NATIVO,SN,CASA  FAZENDA BULANDEIRA,PEDRA D'AGUA,"29938310",ES,SAO MATEUS
RODOVIA,"BR 158, KM 264","1260",,TREVO DE ACESSO A CRUZ ALTA,"98130000",RS,JULIO DE CASTILHOS
AVENIDA,BRASIL OESTE,"2595",SALA  A,BOQUEIRAO,"99025503",RS,PASSO FUNDO
RUA,GENERAL MARCONDES SALGADO,"11-39",LOJA  311-A,CHACARA DAS FLORES,"17013113",SP,BAURU
AVENIDA,GENERAL CARNEIRO,"1120",,VILA LUCY,"18043003",SP,SOROCABA
RODOVIA,BR 101,S/N,KM    184/185                   PARTE B,SANTA ROSA,"55540000",PE,PALMARES
AVENIDA,JOAO PESSOA,"472",,LAUZANE PAULISTA,"02440050",SP,SAO PAULO
TRAVESSA,VITORIA,"13-25",QUADRA91A                 LOTE  5 6 7 8 9 E 10A,CENTRO,"86800530",PR,APUCARANA
RUA,PROJETADA ?A?,"206",QUADRA12 E 13,PARQUE INDUSTRIAL III,"86650000",PR,SANTO INACIO
RUA,SAO TURIBIO,"410",,ARACAPE,"60764677",CE,FORTALEZA
RUA,SENADOR GIOVANNI AGNELLI,"580",,DISTRITO INDUSTRIAL PAULO CAMILO NORTE,"32681080",MG,BETIM
RUA,DOUTOR DUQUE DE MESQUITA,"151",,CENTRO,"36800000",MG,CARANGOLA
RUA,TARRAGONA,"110",QUADRA184                 LOTE  02                  SALA  02,JD EUROPA,"74330580",GO,GOIANIA
AVENIDA,TIRADENTES,"1855",,CENTRO,"89121000",SC,RIO DOS CEDROS
RUA,NICOLA CANDIA,"221",,MONDEGO,"79380000",MS,MIRANDA
QUADRA,SHCN CL QD 116,S/N,BLOCO A                   SUBSL 16/18/20,ASA NORTE,"70773510",DF,BRASILIA
RUA,GIOVANNI LEGRENZI,"536",,CIDADE ANTONIO ESTEVAO DE CARVALHO,"08225270",SP,SAO PAULO
AVENIDA,CARLOS DRUMOND DE ANDRADE,"308",      ESTACIONAMENTO      EDIF  JOBMALL,CENTRO,"35900025",MG,ITABIRA
AVENIDA,JANUNCIO FERREIRA,"871",,LAURITZEN,"58401387",PB,CAMPINA GRANDE
RUA,"12","896",,CENTRO,"14790000",SP,GUAIRA
RUA,MARIA MAROLA GATO,"501",FUNDOSQUADRA 00138        LOTE  2674 UNIDADE 3,JARDIM MARCO ZERO,"68903200",AP,MACAPA
RUA,DOIS DE DEZEMBRO,"746",,TAUA MIRIM,"69460000",AM,COARI
RUA,JOSE MARIA DOS PASSOS,"205",,JARDIM PADRE BENTO,"13313110",SP,ITU
AVENIDA,VERIANO DE OLIVEIRA LIMA,"1315",QUADRA0057                LOTE  0001,VILA SANTA MARIA,"75800093",GO,JATAI
RUA,CORONEL CHICUTA,"436",LOJA  8,CENTRO,"99010051",RS,PASSO FUNDO
RUA,SETE DE SETEMBRO,"1218",,JARDIM LA SALLE,"85902050",PR,TOLEDO
RUA,EQUADOR,"75",,JARDIM PARAISO,"97590000",RS,ROSARIO DO SUL
TRAVESSA,RAFAEL FRANCISCO GRECA,"186",,AGUA VERDE,"80620150",PR,CURITIBA
RUA,PARAGUASSU,"900",,RAINHA DO MAR,"95588000",RS,XANGRI-LA
RUA,ESPIRITO SANTO,"112",ANEXO PARTE,EXTENSAO DO BOSQUE,"28893316",RJ,RIO DAS OSTRAS
RUA,JOSE MEDEIROS E ALBUQUERQUE,"443",,TABOAO,"09662030",SP,SAO BERNARDO DO CAMPO
RUA,WAGNER LUIZ BEVILACQUA,"525",      PARTE A1402,LEITAO,"13290000",SP,LOUVEIRA
AVENIDA,"GUAXENDUBA/KENNEDY/CAJAZEIRAS, A","120",LETRA A,COREIA,"65015560",MA,SAO LUIS
RUA,VEREADOR ARTHUR MANOEL MARIANO,"362",SALA  201,FORQUILHINHA,"88106500",SC,SAO JOSE
AVENIDA,JOAO DA ESCOSSIA,"3715",LOJA  2,NOVA BETANIA,"59607330",RN,MOSSORO
AVENIDA,PRESIDENTE CARLOS LUZ,"4055",,OURO PRETO,"31310250",MG,BELO HORIZONTE
AVENIDA,BOA ESPERANCA,"242",LOJA  A,LARANJEIRA,"68501170",PA,MARABA
PRACA,DA MATRIZ,"1917",,CENTRO,"77380000",TO,PINDORAMA DO TOCANTINS
PRACA,SAMUEL SABATINI,"200",QUIOSQMIK 730,CENTRO,"09750902",SP,SAO BERNARDO DO CAMPO
AVENIDA,CORONEL JOAO COELHO,"207",SALA  207 F ANDAR 1       SALA  300 ANDAR 2,CENTRO,"63090009",CE,BARBALHA
RUA,CASSIMIRO DE ABREU,"260",,CENTRO,"46430000",BA,GUANAMBI
RUA,DR CESAR CASTIGLIONI JUNIOR,"553",,CASA VERDE,"02515000",SP,SAO PAULO
RUA,MINISTRO OROZIMBO NONATO,"102",SALA  906 B                     908 B,VILA DA SERRA,"34006053",MG,NOVA LIMA
RUA,EDUARDO CRUZ,"87",,INDUSTRIAL,"49065330",SE,ARACAJU
AVENIDA,LUIZ BENTO,"877",,OVIDIO TEIXEIRA,"46400000",BA,CAETITE
AVENIDA,PERNAMBUCO ESQ. C/ RUA SENADOR PEDRO LUDOVICO,"2070",QUADRA56                  LOTE  15/16,SETOR CENTRAL,"77405140",TO,GURUPI
RUA,SENADOR PEDRO LUDOVICO,"1.475",QUADRA56                  LOTE  15 / 16,SETOR CENTRAL,"77405140",TO,GURUPI
AVENIDA,PRESIDENTE VARGAS,"1171",,CENTRO,"95320000",RS,NOVA PRATA
AVENIDA,AVENIDA IGUATEMI 777,"777",LOJA  3                   QUADRA4                   PAVMTO2,VILA BRANDINA,"13092902",SP,CAMPINAS
AVENIDA,CASA GRANDE,"566",,VILA CUNHA BUENO,"03260000",SP,SAO PAULO
AVENIDA,TANCREDO NEVES,"1582",LOJA  07 PATIO MANAUS,PARQUE 10 DE NOVEMBRO,"69054700",AM,MANAUS
AVENIDA,PRESIDENTE VARGAS,"1610",LOJA  1024                ANDAR 1,VILA RODRIGUES,"99070000",RS,PASSO FUNDO
RUA,BRIGADEIRO FRANCO,"2300",LOJA  233-4               ANDAR TR                  COND  SHOPPING CURITIBA CDBLOCO COMPLEXO,CENTRO,"80250030",PR,CURITIBA
RUA,DEPUTADO PEDRO PIRES FERREIRA,"405",LOJA  112                 EDIF  CRYSTAL CENTER,GRACAS,"52050480",PE,RECIFE
RUA,TRES FORQUILHAS,"2192",SALA  FUNDOS,TRES FORQUILHAS,"95575000",RS,TRES FORQUILHAS
ALAMEDA,H,"28",QUADRAS                   LOTE  2,RESIDENCIAL ALI MOHAMED ZEITOU,"14770000",SP,COLINA
AVENIDA,THEODORO VICTORELLI,"150",EDIF  B. LONDRINA SHOPPINGQUIOSQMIK 700,HELENA,"86027750",PR,LONDRINA
LOTEAMENTO,"07 DA AREA PA III, GALPAO II, PERIMETRO I. SEN NILO COELHO",S/N,,ZONA RURAL,"56332175",PE,PETROLINA
RODOVIA,BA 507,S/N,KM    3 FAZENDA HAROLDINA,AREA INDUSTRIAL DE SANTIAGO,"48120000",BA,POJUCA
RUA,QUATRO,SN,QUADRAD                   LOTE  05,CIDADE EMPRESARIAL NOVA ALIANCA,"75913218",GO,RIO VERDE
FAZENDA,COAGRO ITAB/AVR,SN,KM    274,ZONA RUAL,"39563000",MG,SANTA CRUZ DE SALINAS
RUA,DUQUE DE CAXIAS,"254",,CENTRO,"96200020",RS,RIO GRANDE
RUA,CARLOS GOMES,"82",QUADRA20                  LOTE  17                  LOJA  04,CENTRO,"73700000",GO,PADRE BERNARDO
RODOVIA,"BR-414 - KM 376, FAZENDA TAQUARAL",S/N,,ZONA RURAL,"72975000",GO,COCALZINHO DE GOIAS
RUA,PEDREGAL,"101",,JARDIM CALIFORNIA,"78070383",MT,CUIABA
FAZENDA,SAO MATHEUS,S/N,SALA  1,ZONA RURAL,"57265000",AL,TEOTONIO VILELA
PRACA,FRANCISCO ORANGES,"100",ANEXO I                         ESTADIO SANTA CRUZ,RIBEIRANIA,"14096079",SP,RIBEIRAO PRETO
RODOVIA,"BR 163, KM 618",S/N,SALA  02,ZONA RURAL,"79493899",MS,SAO GABRIEL DO OESTE
RUA,JOSE AMERICO GARCIA,"160",,COMENDADOR VENANCIO,"28300000",RJ,ITAPERUNA
RUA,VICENTE MARTINS CAMPOS,"194",,PARQUE BOM RETIRO,"13142124",SP,PAULINIA
RUA,DODO GOMES DE ALMEIDA,"900",,TANQUES,"62883665",CE,HORIZONTE
RODOVIA,MA 020,S/N,KM    7.6,ZONA RURAL,"65430000",MA,VARGEM GRANDE
RUA,MANOEL ANTONIO,"11",,ALTO DE SAO MANOEL,"59631110",RN,MOSSORO
RUA,FRANCISCO SESQUIM,"356",GALPAO2 B                 SALA  06,PLANETA,"29156777",ES,CARIACICA
RUA,DONATO ROCHA,"315",,CENTRO,"35588000",MG,ARCOS
RUA,AVELINO FARIA NETO,"505",,CE,"12350000",SP,IGARATA
AVENIDA,IBRAHIM DE CARVALHO,"870",LOJA  07,CENTRO,"37490000",MG,SAO GONCALO DO SAPUCAI
QUADRA,QUADRA 2 CONJUNTO D,"01A",,SETOR DE INDUSTRIAS BERNARDO SAYAO (NUCLEO BANDEIR,"71736204",DF,BRASILIA
RUA,DONA AMBROSINA DO CARMO BUONAGUIDE,"559",TERREOTERREO              ANDAR PRIMEIRO,REGIAO CENTRAL,"07700135",SP,CAIEIRAS
AVENIDA,"DOS PORTUGUESES, N. 37 - RESTAURANTE UNIVERSITARIO",S/N,,SA VIANA,"65085581",MA,SAO LUIS
RUA,VISCONDE DE GUARAPUAVA,"2481",,FIGUEIRA,"83280000",PR,GUARATUBA
AVENIDA,"1° DE ABRIL","789",,CENTRO,"58540000",PB,SUME
AVENIDA,RUI BARBOSA,"356",,CENTRO,"58200000",PB,GUARABIRA
AVENIDA,GABRIEL HENRIQUE DE ARAUJO,"250",SALA  02,FAZ SANTA RITA,"74484470",GO,GOIANIA
RUA,SUICA,"191",LOJA  02,UNIVERSITARIO,"55016630",PE,CARUARU
AVENIDA,PICADILLY,"105",LOJA  115,ALPHAVILLE - LAGOA DOS INGLESES,"34018004",MG,NOVA LIMA
RUA,JOSE AMILCAR CONGRO BASTOS,"1313",,JARDIM CANGALHA,"79604250",MS,TRES LAGOAS
QUADRA,QUADRA 6,"16",LOTE  16C-1A,MANSOES CAMARGO,"72927036",GO,AGUAS LINDAS DE GOIAS
AVENIDA,AILTON GOMES DE ALENCAR,"2569",LOJA  LOJAS 10 - 11 - 12,JOSE GERALDO DA CRUZ,"63033027",CE,JUAZEIRO DO NORTE
ESTRADA,UNIAO E INDUSTRIA,"11540",,ITAIPAVA,"25730745",RJ,PETROPOLIS
RODOVIA,ENGENHEIRO FABIANO VIVACQUA,"1329",QUIOSQ01,TIJUCA,"29320899",ES,CACHOEIRO DE ITAPEMIRIM
RODOVIA,"BR 232, KM 206,3",S/N,,ZONA RURAL,"55200000",PE,PESQUEIRA
RUA,JOAO SAVI,"202",,CIDADE NOVA,"89400000",SC,PORTO UNIAO
RUA,GENERAL OSORIO,S/N,SALA  01,CENTRO,"85390000",PR,VIRMOND
RUA,JUSTINIANO DE SERPA,"65",,CENTRO,"69970000",AC,TARAUACA
RUA,PASCHOAL CONTE,"1588",,JARDIM PRIMAVERA - URBANO,"89182000",SC,LONTRAS
SETOR,SGCV (ST GARAGENS E CONCES DE VEICULOS),"22",LOJA  219-220,ZONA INDUSTRIAL (GUARA),"71215100",DF,BRASILIA
RUA,JOSE FRANCISCO DE SOUSA,"42",,CENTRO,"58935000",PB,CACHOEIRA DOS INDIOS
AVENIDA,ENGENHEIRO ROBERTO FREIRE,"210",LOJA  4                   CONJ  HB 210,CAPIM MACIO,"59082400",RN,NATAL
SETOR,SHLS,QD 716,BLOCO K                   LOJA  14                  SLJ   14,ASA SUL,"70390700",DF,BRASILIA
ESTRADA,BAIRRO DOS CAMARGOS,S/N,KM    8 FAZENDA MAC LEE,DOS CAMARGOS,"18709899",SP,AVARE
RUA,HENRIQUE COUTO/ RUA 8,"08 E 9",,COHAMA,"65074100",MA,SAO LUIS
RODOVIA,BR 116,S/N,KM    19.5                SALA  02,VILA SAO SEBASTIAO,"83374890",PR,ANTONINA
AVENIDA,LEOPOLDINO DE OLIVEIRA,"2501",,ESTADOS UNIDOS,"38015000",MG,UBERABA
AVENIDA,CASSIANO RICARDO,"319",SALA  505,PARQUE RESIDENCIAL AQUARIUS,"12246870",SP,SAO JOSE DOS CAMPOS
RUA,PADRE CONRADO,"967",,VILA SANTOS DUMONT,"14405275",SP,FRANCA
CORREGO,ROSEIRA,S/N,,ZONA RURAL,"35200000",MG,AIMORES
RODOVIA,DARLY SANTOS,"800",GALPAO1                   GALPAO1A                  GALPAO2B,JARDIM ASTECA,"29104491",ES,VILA VELHA
AVENIDA,WASHINGTON SOARES,"85",LOJA  312 B E 313,EDSON QUEIROZ,"60811900",CE,FORTALEZA
RUA,ASSIS BRASIL,"448",,VILA ISABEL,"85504293",PR,PATO BRANCO
RUA,EMILIO BARBOSA DA SILVA,"444",LOTE  9                   QUADRAJ,JARDIM ALVORADA - POLO INDUSTRIAL JANDIRA II,"06612285",SP,JANDIRA
RUA,PADRE NESTOR SAMPAIO,"140",,LUZIA,"49045015",SE,ARACAJU
AVENIDA,DOS IMIGRANTES,"101",QUIOSQDE ALIMENTACAO,SAO SEBASTIAO,"76801799",RO,PORTO VELHO
PRACA,DOM OTAVIO,"218",      SL,CENTRO,"37496000",MG,TURVOLANDIA
AVENIDA,SETE DE SETEMBRO,"2775",LOJA  2041,REBOUCAS,"80230010",PR,CURITIBA
RUA,"4 B","799",ANEXO REFEITORIO DO DAAE,VILA INDAIA,"13506733",SP,RIO CLARO
ESTRADA,JOSE MATHIAS DE CAMARGO,"491",,INVERNADA,"06846035",SP,EMBU DAS ARTES
SITIO,NOSSA SENHORA DAS GRACAS,S/N,GALPAO1E 2A E 2C,AREA RURAL DE JABOTICABAL,"14897899",SP,JABOTICABAL
RUA,CONSELHEIRO RODRIGUES ALVES,"140",SALA  03,CENTRO,"12600490",SP,LORENA
AVENIDA,JOSE DIONISIO FILHO,SN,,CENTRO,"63155000",CE,SALITRE
AVENIDA,SENADOR VERGUEIRO,"5030",,RUDGE RAMOS,"09604000",SP,SAO BERNARDO DO CAMPO
AVENIDA,IPANEMA,"4000",LOJA  4,JARDIM NOVO HORIZONTE,"18071801",SP,SOROCABA
RUA,ANTONIO FERNANDES LEITE,"975",LOJA  09,JARDIM SANTA IZABEL,"13185230",SP,HORTOLANDIA
AVENIDA,ANTONIO JOAQUIM MENDES,"451",,CENTRO,"13631110",SP,PIRASSUNUNGA
RUA,QUINZE DE NOVEMBRO,"6947",SALA  02 E 03,VILA NOVA,"89201601",SC,JOINVILLE
AVENIDA,DOS EXPEDICIONARIOS BRASILEIROS,"782",,VILA BRASILEIRA,"13256400",SP,ITATIBA
AVENIDA,PRIMEIRO DE MAIO,"1415",,VARZEA GRANDE,"95670000",RS,GRAMADO
AVENIDA,MADRE LEONIA MILITO,"826",,BELA SUICA,"86050270",PR,LONDRINA
AVENIDA,PARANAGUA,"4412",SALA  1,BALNEARIO FLORIDA,"83260000",PR,MATINHOS
RUA,JOSE LOUREIRO,"464",CONJ  93                  COND  MINERVA BARAO ED,CENTRO,"80010000",PR,CURITIBA
AVENIDA,CAMBACICA,"610",BLOCO 07                  ANDAR 1,PARQUE DOS RESEDAS,"13097160",SP,CAMPINAS
PRACA,RUY BARBOSA,"08",,CENTRO,"45200250",BA,JEQUIE
RUA,ANESIO AUGUSTO DO AMARAL,"228",,SANTA ROSA,"13289158",SP,VINHEDO
AVENIDA,CARLOS LINDENBERG,"4723",LOJA  1,NOSSA SENHORA DA PENHA,"29110902",ES,VILA VELHA
RUA,PRESIDENTE PRUDENTE,"220",,SAO LUIZ,"88803210",SC,CRICIUMA
RUA,REBOUCAS,"674",,PARQUE DOS NOVOS ESTADOS,"79034090",MS,CAMPO GRANDE
TRAVESSA,JOAO AIRES,"141",,SETOR CENTRAL,"75020310",GO,ANAPOLIS
AVENIDA,MARECHAL FLORIANO PEIXOTO,"1532",,CENTRO,"79904674",MS,PONTA PORA
VIA DE ACESSO,WENCESLAU BRAZ,SN,QUADRA12                  LOTE  04 A 13,JARDIM TRANSBRASILIANO,"74919362",GO,APARECIDA DE GOIANIA
AVENIDA,DO TRABALHO,"1600",,CENTRO INDUSTRIAL,"46430000",BA,GUANAMBI
RODOVIA,MONSENHOR CLODOALDO DE PAIVA (ITAPIRA-LINDOIA) KM 14,SN,,PONTE PRETA,"13974900",SP,ITAPIRA
ESTRADA,DOS BANDEIRANTES,"20730",      LOT 1 PAL 32125,VARGEM PEQUENA,"22783551",RJ,RIO DE JANEIRO
RUA,PARANA,"5558",,COQUEIRAL,"85807040",PR,CASCAVEL
RUA,"08","15",,LOT BEIRA LAGO,"38490000",MG,INDIANOPOLIS
AVENIDA,LIONS INTERNACIONAL,"11",,NUCLEO HABITACIONAL RIO VERMELHO,"78740323",MT,RONDONOPOLIS
RODOVIA,CAPITAO BARDUINO,"2250",LOJA  09 E 10,NOGUEIRAS,"13960000",SP,SOCORRO
RODOVIA,BR 163,S/N,      ESTRADA MACUCO 27 KM      A DIREITA 5 KM,ZONA RURAL,"78540000",MT,CLAUDIA
AVENIDA,AMAMBAI,"2233A",,JARDIM PARAISO,"79950000",MS,NAVIRAI
AVENIDA,PORTUGAL,"1148",SALA  CB3104              QUADRAL29                 LOTE  1E,SET MARISTA,"74150030",GO,GOIANIA
RUA,ANCHIETA,"258",SALA  01,KURASHIKI,"93212730",RS,SAPUCAIA DO SUL
AVENIDA,GETULIO DORNELES VARGAS,"1748N",SALA  10,CENTRO,"89805000",SC,CHAPECO
RUA,MARQUES DE POMBAL,"00025",      SAL 104 . RUA             SANTANA 00114 SAL         602. SAL 501,CENTRO,"20230240",RJ,RIO DE JANEIRO
RODOVIA,RS-20,"10",LOTE  B,DISTRITO INDUSTRIAL,"95400000",RS,SAO FRANCISCO DE PAULA
AVENIDA,GENERAL MOTORS,"300",SALA  VIAMAR,SITIO GAUCHO,"94180124",RS,GRAVATAI
AVENIDA,LEOPOLDINA SALGADO,"127",QUADRAG                   LOTE  13,CENTRO,"76300000",GO,CERES
RUA,QUINZE DE JANEIRO,"184",SALA  706,CENTRO,"92010300",RS,CANOAS
AVENIDA,PAPA PAULO VI,"6",SLJ   1,JARDIM DO TREVO,"13040000",SP,CAMPINAS
RODOVIA,BR 491 KM 227,S/N,,NOSSA SENHORA APARECIDA,"37110000",MG,ELOI MENDES
RUA,ANTONIO RUIZ VEIGA,"100",BLOCO 11                  APT   106,LOTEAMENTO MOGILAR,"08773495",SP,MOGI DAS CRUZES
RUA,BUENO BRANDAO,"314",,VILA NOVA CONCEICAO,"04509021",SP,SAO PAULO
FAZENDA,MORRO GRANDE,S/N,,ZONA RURAL,"35610000",MG,DORES DO INDAIA
AVENIDA,PREFEITO SINCLER SAMBATTI,"9332",BLOCO REFEITORIO,JARDIM BERTIOGA,"87055405",PR,MARINGA
AVENIDA,JOSE BONIFACIO,"3800",BLOCO REFEITORIO,VILA ATALAIA,"86181570",PR,CAMBE
FAZENDA,RIO DAS COBRAS,S/N,BLOCO REFEITORIO,MANUFATURADO,"85460000",PR,QUEDAS DO IGUACU
RUA,REALENGO,"15",      DEPOSITO 01,PIONEIROS,"79070293",MS,CAMPO GRANDE
RUA,ODILIO GARCIA,"211",      AREA A SALA B BOX         174,CORDEIROS,"88310180",SC,ITAJAI
RUA,"414","289",,MORRETES,"88220000",SC,ITAPEMA
RUA,BARONESA DE MESQUITA,"4644",,CENTRO,"26551470",RJ,MESQUITA
RUA,PROFESSOR GONZAGA GALVAO,"40",SALA  02                  ANDAR 2,CENTRO,"59380000",RN,CURRAIS NOVOS
RUA,VIRGILIO GOMES BARRETO,"565",BLOCO B,VILA NOVA,"29702070",ES,COLATINA
SITIO,SITIO SAO JOSE,S/N,,PEDERNEIRAS,"18500000",SP,LARANJAL PAULISTA
AVENIDA,DA MACONARIA,"350",SALA  B,PERPETUO SOCORRO,"48603241",BA,PAULO AFONSO
RUA,RUI BARBOSA,"3040",SALA  02,CENTRO,"79002369",MS,CAMPO GRANDE
AVENIDA,ALBERTO BRAUNE,"224",SALA  401,CENTRO,"28613000",RJ,NOVA FRIBURGO
RUA,ELMANO SOARES,"701",SALA  101,CENTRO,"79601020",MS,TRES LAGOAS
RUA,DA RAPOSA,"66",SALA  01,CENTRO,"65300088",MA,SANTA INES
AVENIDA,SAO PAULO,"2687",SALA  01,CENTRO,"76963801",RO,CACOAL
AVENIDA,BIAS FORTES,"400",      PARTE B,CENTRO,"39625000",MG,ITAOBIM
RUA,CORONEL JOSE PORFIRIO,"1870",,CENTRO,"68371043",PA,ALTAMIRA
RUA,ROTA DO IMIGRANTE,"630",,QUARTA LINHA,"88812302",SC,CRICIUMA
RUA,CARLOS PESSOA MONTEIRO,S/N,      OBRA,CASA CAIADA,"53130350",PE,OLINDA
AVENIDA,ANTONIO OLIMPIO DE MORAIS,"607",SALA  1105                SALA  1106,CENTRO,"35500005",MG,DIVINOPOLIS
AVENIDA,JOSE DE SOUSA CAMPOS,"243",CONJ  51 E 52,CAMBUI,"13025320",SP,CAMPINAS
RUA,D JOSE TOMAZ,"306",,SAO JOSE,"49015090",SE,ARACAJU
AREA,"RURAL - RODOVIA GO 422, A ESQUERDA",S/Nº,KM    12,AREA RURAL DE RIO VERDE,"75913899",GO,RIO VERDE
AVENIDA,ARACAJU,"1789",SALA  D,ZONA VII,"87503370",PR,UMUARAMA
RUA,PONOE SCHEFFER,"868 D",CASA  01 ESQUINA,SANTA MARIA,"89812150",SC,CHAPECO
AVENIDA,JOSE SERVULO SOALHEIRO,"2121",,SAO PEDRO,"35701019",MG,SETE LAGOAS
AVENIDA,DR. JOAO VAZ SOBRINHO,"1280",      TRECHO 02,SAO DOMINGOS,"35588000",MG,ARCOS
RUA,JOSE AMANCIO,"337",,CENTRO,"62140000",CE,MASSAPE
RUA,PRESIDENTE OLEGARIO MACIEL,"1052",,CENTRO,"38183186",MG,ARAXA
RODOVIA,"RODOVIA GO 565, KM 6,2",S/N,BLOCO 7                   SALA  10,ZONA RURAL,"76390000",GO,BARRO ALTO
RUA,"1","510",,CENTRO,"13510023",SP,SANTA GERTRUDES
RUA,XV DE NOVEMBRO,"800",,CENTRO,"13375000",SP,MOMBUCA
AVENIDA,AGUA MARINHA,"345",,SANTA MONICA,"29221000",ES,GUARAPARI
RUA,AGOSTINHO JOAO FRIGHETTO,"568",,BORGHETTO ST 57,"95720000",RS,GARIBALDI
RUA,MARQUES DE SANTA CRUZ,"263",,CENTRO,"69005050",AM,MANAUS
RUA,GETULIO VARGAS,"1319",QUADRALOTE 83 SALA 05,CENTRO,"76230000",GO,PIRANHAS
RUA,CLODOALDO GOMES,"503",,DISTRITO INDUSTRIAL,"89219550",SC,JOINVILLE
AVENIDA,MORAIS COSTA,"26",,VILA INDUSTRIAL,"03253000",SP,SAO PAULO
RUA,TIJUCAS,"40",SALA  04,CENTRO,"88301360",SC,ITAJAI
AVENIDA,SANTOS DUMONT,"6431",SALA  01,ZONA INDUSTRIAL NORTE,"89219731",SC,JOINVILLE
RODOVIA,"RODOVIA BR 135,KM 143,6",S/N,KM    143,ITACARAMBI,"39470000",MG,ITACARAMBI
ESTRADA,MUNICIPAL BAIRRO PINHAL,SN,,ENTRE BOITUVA E IPERO,"18560000",SP,IPERO
SITIO,SITIO UEOKA - DISTRITO DE CAUCAIA DO ALTO,SN,,BAIRRO DAS BROTAS,"06723000",SP,COTIA
RODOVIA,BR 153,"13-C",QUADRA01                  LOTE  13,BOA VISTA II,"76400000",GO,URUACU
TRAVESSA,BELAS ARTES,"00005",      LOJ 3,CENTRO,"20060000",RJ,RIO DE JANEIRO
AVENIDA,DOUTOR KENKITI SHIMOMOTO,"1678",SALA  10                  GALPAO01,NOVO OSASCO,"06045390",SP,OSASCO
AVENIDA,JOAO BATISTA NUNES,Nº 50,SETOR STORAGE ASCENTY 1,DISTRITO INDUSTRIAL BENEDITO STORANI,"13288162",SP,VINHEDO
RUA,SEBASTIAO LOPES,"50",,CENTRO,"39770000",MG,COLUNA
RUA,PIQUIA,"1911",,SETOR 01,"76870076",RO,ARIQUEMES
RUA,LINDOLFO MONTE VERDE,S/N,,SAO JOSE OPERARIO,"69151550",AM,PARINTINS
RUA,DONA FRANCISCA,"8300",BLOCO 1                         MODULO B            BOX   ESTOCOLMO           COND  PERINI BUSINESS PARK,ZONA INDUSTRIAL NORTE,"89219600",SC,JOINVILLE
RUA,A (AT CARVALHOS),S/N,LOTE  16-23               QUADRA1,LAGOA DAS FLORES,"45009300",BA,VITORIA DA CONQUISTA
RUA,PETROPOLIS,"1050",SALA  5,ITAUM,"89208300",SC,JOINVILLE
AVENIDA,ELIZA NERI,S/N,,CENTRO,"44800000",BA,MUNDO NOVO
ALAMEDA,GUARAJUBA MALLS,C4,,GUARAJUBA (MONTE GORDO),"42840312",BA,CAMACARI
RODOVIA,BR-376,"6829",SALA  01,VILA SAO FRANCISCO,"86813240",PR,APUCARANA
RUA,DAS GRUMIXAMAS,"99",CONJ  112,VILA PARQUE JABAQUARA,"04349000",SP,SAO PAULO
RUA,MAESTRO FERNANDO BORGES (COM NOVA MORADA),SN,QUADRAG                   LOTE  09,CAXANGA,"50980750",PE,RECIFE
AVENIDA,DAS SIBIPIRUNAS,"3797",QUADRA026 LOTE 020,SETOR RESIDENCIAL NORTE,"78550340",MT,SINOP
RUA,FLORIANOPOLIS,"3204",,MATHIAS VELHO,"92330500",RS,CANOAS
ALAMEDA,CAMPINAS,"540",,JARDIM PAULISTA,"01404000",SP,SAO PAULO
ESTRADA,DO TINDIBA,"00332",      SAL 0404,PECHINCHA,"22740360",RJ,RIO DE JANEIRO
"1A AVENIDA",EMILIO RIBAS,"100",,VILA CAPIVARI,"12460000",SP,CAMPOS DO JORDAO
AVENIDA,BRASIL,"1497",,SAVASSI,"30140005",MG,BELO HORIZONTE
AVENIDA,VINTE E SEIS DE MARCO,"701",ANDAR 1,CENTRO,"06401050",SP,BARUERI
AVENIDA,RICARDO PAULINO MAES,"397",SALA  13 E 14,CENTRO - URBANO,"88320620",SC,ILHOTA
RUA,SATURNINO OLINTO,"1213",SALA  01                  EDIF  SAO PAULO,CENTRO,"83880069",PR,RIO NEGRO
AVENIDA,HERMES DA FONSECA,"1396",,TIROL,"59020650",RN,NATAL
RUA,OSVALDO ARANHA,"2080",,CENTRO,"95860000",RS,TAQUARI
AVENIDA,RESSACA,"310",,CORACAO EUCARISTICO,"30535540",MG,BELO HORIZONTE
RODOVIA,BR-101,S/N,KM    9                   GALPAOB5,NOVA PARNAMIRIM,"59150010",RN,PARNAMIRIM
PRACA,ZULMIRA CAMPOS,"2",SALA  5,PARQUE DUVAL DE BARROS (PARQUE DURVAL DE BARROS),"32420225",MG,IBIRITE
PRACA,DA MATRIZ,"17",,CENTRO,"45170000",BA,TREMEDAL
AVENIDA,"7 DE SETEMBRO","7",QUADRA10                  LOTE  234,CENTRO,"75280130",GO,ORIZONA
RUA,DOMINGOS BARBOSA DE ARAUJO,"1093",,PONTO CENTRAL,"44075095",BA,FEIRA DE SANTANA
AVENIDA,LUIS VIANA FILHO,"13261",      PARTE,PARALELA,"41730101",BA,SALVADOR
AVENIDA,FLORIANO PEIXOTO,"100",,CENTRO,"39390000",MG,BOCAIUVA
RUA,CAPITAO NECO,"631",EDIF  MAORI               LOJA  08,CENTRO,"12701350",SP,CRUZEIRO
RODOVIA,BR-381 FERNAO DIAS,S/N,GALPAOKM 488,JARDIM TERESOPOLIS,"32681200",MG,BETIM
AVENIDA,QUINZE DE NOVEMBRO,"1919",PAVLH 2,PROGRESSO,"99490000",RS,TAPERA
RUA,ACUPA,"00042",,OLARIA,"21031510",RJ,RIO DE JANEIRO
AVENIDA,JOSE TEIXEIRA MAGALHAES,"395",,JARDIM BELA VISTA,"37839260",MG,ANDRADAS
PARALELA,"RODOVIA BR 101, KM 209 A 211 SECAO 500",SN,,DISTRITO INDUSTRIAL,"88104801",SC,SAO JOSE
AVENIDA,REPUBLICA DO LIBANO,"251",      LOJA 211 SHOPPING         RIOMAR SALA 2042B         PISO L2,PINA,"51110160",PE,RECIFE
FAZENDA,FAZENDA PORTA DO CEU,S/N,,CAMPINAS BELAS,"84320971",PR,RESERVA
RUA,"12 CHACARA 148 LOTE","30",,SETOR HABITACIONAL VICENTE PIRES,"72007540",DF,BRASILIA
AVENIDA,PRESIDENTE KENNEDY,"301",,CENTRO,"84165110",PR,CASTRO
RUA,CORONEL JOSE MOURA AMARAL,"340",      A,VILA SAO FRANCISCO,"37200464",MG,LAVRAS
RUA,DEZOITO DE SETEMBRO,"1070",,CENTRO,"64260000",PI,PIRIPIRI
AVENIDA,MAURO MIRANDA MADUREIRA,"571",,ELPIDIO VOLPINI,"29309712",ES,CACHOEIRO DE ITAPEMIRIM
RUA,GOIAS,"1121",,CENTRO,"18700140",SP,AVARE
RUA,JACIR STRINGHINI,"774",,AREA INDUSTRIAL,"88514630",SC,LAGES
RUA,FERNANDES TOURINHO,"235",LOJA  13,SAVASSI,"30112000",MG,BELO HORIZONTE
AVENIDA,PAULISTA,"326",ANDAR 20 - PARTE,BELA VISTA,"01310902",SP,SAO PAULO
RUA,QUINZE DE NOVEMBRO,"1612",,CENTRO,"83005000",PR,SAO JOSE DOS PINHAIS
RODOVIA,COMENDADOR PEDRO MONTELEONE,SN,,ZONA RURAL,"14705000",SP,BEBEDOURO
RUA,PROFESSOR AMERICO VESPUCIO PRATES,"115",,CARIANOS,"88047710",SC,FLORIANOPOLIS
RUA,CASA DO ATOR,"1155",SUBSL GARAGEM,VILA OLIMPIA,"04546004",SP,SAO PAULO
RUA,"27 DE FEVEREIRO","20",,BORTOLON,"89820000",SC,XANXERE
AVENIDA,CORONEL TUBERTINO RIOS,"425",QUADRA10                  LOTE  4C,CENTRO,"76330000",GO,JARAGUA
AVENIDA,PRESIDENTE VARGAS,"721",QUADRA35                  LOTE  22,SETOR CENTRAL,"75600000",GO,GOIATUBA
AVENIDA,PRESIDENTE MEDICI,"2.157",QUADRA50                  LOTE  15,JARDIM PAULISTA,"77600000",TO,PARAISO DO TOCANTINS
AVENIDA,"23 DE OUTUBRO","2.236",,JARDIM AMERICA,"77600000",TO,PARAISO DO TOCANTINS
QUADRA,"ARSO 21 (203 SUL), AVENIDA NS-01",S/N,LOTE  02                  LOJA  01-A                COND  ALDEIA MALL,PLANO DIRETOR SUL,"77015216",TO,PALMAS
RUA,MATO GROSSO,"2274",,CENTRO,"85812025",PR,CASCAVEL
RUA,FRANCISCA RODRIGUES DE FARIAS,"853",,CENTRO,"62265000",CE,VARJOTA
RUA,VIDAL PROCOPIO LOHN,"91",PAVMTO04                  SALA  02,DISTRITO INDUSTRIAL,"88104810",SC,SAO JOSE
RUA,DR LUIS COELHO,S/N,,CENTRO,"48490000",BA,INHAMBUPE
RUA,MARCOS BERTOLDI,"716",,CAMPO DE SANTANA,"81490530",PR,CURITIBA
AVENIDA,AMAZONAS,"1446",SALA  207,BRASILEIA,"32600324",MG,BETIM
RODOVIA,JOAO ALFREDO ROSA,"5221",TERREO,SAO JOAO (MARGEM ESQUERDA),"88708603",SC,TUBARAO
RUA,OSWALDO CRUZ,"80",,CENTRO,"16010040",SP,ARACATUBA
AVENIDA,PRESIDENTE KENNEDY,"2025",QUADRA15 LT 10,GUILHERMINA,"11702205",SP,PRAIA GRANDE
RUA,EDILIA FERRARI,"441",,CENTRO,"78350000",MT,BRASNORTE
AVENIDA,ENGENHEIRO EMILIANO MACIEIRA,S/N,KM    KM 11 - EUC 06,RIO GRANDE,"65091762",MA,SAO LUIS
RUA,SENADOR SALGADO FILHO,"55",SALA  3,CENTRO,"93701260",RS,CAMPO BOM
AVENIDA,SENADOR GALLOTTI,"602",SALA  03 E 04,MAR GROSSO,"88790000",SC,LAGUNA
RUA,HILDA DE CARVALHO GARZON,"463",,DONA CLARA,"31260280",MG,BELO HORIZONTE
RUA,SARGENTO AFONSO DE SIMONE NETO,"440",,CENTRO,"18570000",SP,CONCHAS
FAZENDA,ESTIVA,"0",,ZONA RURAL,"35568000",MG,CORREGO FUNDO
AVENIDA,GOETHE,"38",SALA  11,RIO BRANCO,"90430100",RS,PORTO ALEGRE
RUA,GAL BACELAR,"325",,CENTRO,"96200370",RS,RIO GRANDE
RUA,LUCIANO DAS NEVES,"2418",EDIF  SHOPPING VILA VELHA LOJA  42,DIVINO ESPIRITO SANTO,"29107010",ES,VILA VELHA
RUA,EUCLIDES DA CUNHA,"837",SALA  04,PARQUE RESIDENCIAL LARANJEIRAS,"29165310",ES,SERRA
FAZENDA,BEM-TE-VI BARRA DO RIO ROOSEVELT,SN,,ZONA RURAL,"78335000",MT,COLNIZA
RUA,LABRADOR,"369",CASA  369                 CASA  365                 CASA  361,"14 DE NOVEMBRO","85801604",PR,CASCAVEL
RUA,VANCOUVER,"370",CASA  370                 CASA  362,"14 DE NOVEMBRO","85801602",PR,CASCAVEL
RUA,SEM DENOMINACAO,S/N,SALA  01,CONGONHA,"79430000",MS,BANDEIRANTES
AVENIDA,PRESIDENTE EPITACIO PESSOA,"04910",,CABO BRANCO,"58045000",PB,JOAO PESSOA
RUA,SENADOR ROLLEMBERG,"814",,SAO JOSE,"49015120",SE,ARACAJU
AVENIDA,DAO SILVEIRA,"3540",SALA  1,CANDELARIA,"59066180",RN,NATAL
RODOVIA,LUIZ ROSSO,"3610",,PRIMEIRA LINHA,"88816510",SC,CRICIUMA
AVENIDA,LUIZ DIAS MARTINS,"37",      AREA 17 B                 CONTEINER 27 28,PARQUE IPIRANGA,"27516245",RJ,RESENDE
RUA,DESEMBARGADOR JOSE BATALHA,"90",ANDAR 1                   SALA  107-108,CONSOLACAO,"29045530",ES,VITORIA
AVENIDA,SABINO BEZERRA DE QUEIROZ,"4770",SALA  02,JARDIM ELDORADO,"76987064",RO,VILHENA
RUA,ALBERTO PASQUALINI,"853",LOJA  1,MARROCOS,"94045190",RS,GRAVATAI
RUA,MAX NORDAU DE REZENDE ALVIM,"170",,BRASIL,"38400675",MG,UBERLANDIA
RUA,DA BR-040 QUADRA,"6",LOTE  C,PARQUE SAO BERNARDO,"72870424",GO,VALPARAISO DE GOIAS
AVENIDA,HAGUEMU MATSUZAWA,"689",,VILA RIBEIROPOLIS,"11900000",SP,REGISTRO
AVENIDA,TOMAS LOPES DE CAMARGO,"90",FUNDOSFUNDOS,JARDIM ROMANO,"08191230",SP,SAO PAULO
AVENIDA,PRES JUSCELINO KUBITSCHEK,"180",CONJ  152,VILA NOVA CONCEICAO,"04543000",SP,SAO PAULO
RUA,COMENDADOR TORLOGO DAUNTRE,"74",SALA  1207,CAMBUI,"13025270",SP,CAMPINAS
RUA,JOSE MICHELOTTI,"400",,CIDADE DA SAUDE,"06693005",SP,ITAPEVI
RESIDENCIAL,QUADRA 16 LOTE H,S/N,,JARDIM ABC DE BRASILIA,"72899000",GO,CIDADE OCIDENTAL
AVENIDA,VASCO DA GAMA,"782",,ACUPE DE BROTAS,"40290350",BA,SALVADOR
RUA,SCHILLER,"65",,RIO BRANCO,"90430150",RS,PORTO ALEGRE
ESTRADA,DO CAPAO BONITO,"420",SALA  12                  GALPAOMODULO A,JARDIM MARIA DE LOURDES,"07263010",SP,GUARULHOS
RUA,AURELIANO COUTINHO,"276",,CENTRO,"25625000",RJ,PETROPOLIS
RODOVIA,SC 415,S/N,,CENTRO,"88395000",SC,SAO JOAO DO ITAPERIU
AVENIDA,PEDRO MANVAILLER,"2159",,CENTRO,"79990000",MS,AMAMBAI
RUA,HENRIQUE DIAS,"305",,IGAPO,"59104300",RN,NATAL
RODOVIA,GO 118,SN,KM    118 A DIREITA 4 KM,ZONA RURAL,"73760000",GO,SAO JOAO D'ALIANCA
AVENIDA,PIERO TRICCA,"105",,JARDIM SANTA FE (ZONA OESTE),"05271240",SP,SAO PAULO
RUA,ABEL PEREIRA DE CASTRO,"484",SALA  06,SETOR CENTRAL,"75901060",GO,RIO VERDE
RUA,RUA DOS PIONEIROS,"104",,INDUSTRIAL,"96900000",RS,SOBRADINHO
RUA,TABAPUA,"1017",LOJA  1037AB,ITAIM BIBI,"04533014",SP,SAO PAULO
RODOVIA,GO 230 KM 20 A ESQ 15 KM,S/N,,ZONA RURAL,"76393000",GO,VILA PROPICIO
AVENIDA,ALCINDO BARBOSA,"1165",,PARQUE DA IMPRENSA,"13806310",SP,MOGI MIRIM
AVENIDA,TEODORO,"849",EDIF  FORUM,PALMARES,"76230000",GO,PIRANHAS
AVENIDA,DUQUE DE CAXIAS,"615",,CENTRO,"69985000",AC,RODRIGUES ALVES
RODOVIA,RODOVIA BR 316 A KM 11,"2807",ANEXO WLM ITAIPU NORTE,CENTRO,"67201045",PA,MARITUBA
RUA,DOMINGOS FERREIRA CHAVES,"300",,SAO VIDAL,"69990000",AC,MANCIO LIMA
AVENIDA,PRESIDENTE VARGAS,"788",TERREO,CENTRO,"99680000",RS,CONSTANTINA
RUA,PE . VALENTIM RUMPEL,"532",,CENTRO,"99470000",RS,NAO-ME-TOQUE
AVENIDA,PRUDENTE DE MORAIS,"3170",,LAGOA SECA,"59022305",RN,NATAL
RUA,DAS JUCARAS,"3",COND  EXECUTIVE LAKE CENTESALA  506-507-805         GARAGE62-63-99-100,RENASCENCA,"65075230",MA,SAO LUIS
RUA,SANTA CRUZ,"550",      A,CENTRO,"37002092",MG,VARGINHA
RUA,FREI CONSTANCIO,SN,QUADRA51                  LOTE  17,JARDIM CALIFORNIA,"73807701",GO,FORMOSA
RUA,DONA TECLA,"660",,JARDIM FLOR DA MONTANHA,"07097380",SP,GUARULHOS
RUA,AFONSO RIBEIRO,"00349",      LOJAS A E B,PENHA,"21021000",RJ,RIO DE JANEIRO
AVENIDA,FRANCISCO VIANA,"822",ANEXO A,SANTO ANTONIO,"55816270",PE,CARPINA
AVENIDA,PADRE JOSE DE ANCHIETA,"889",,JARDIM PADRE ANCHIETA,"14807212",SP,ARARAQUARA
AVENIDA,OLIVIA FLORES,"291",,CANDEIAS,"45028100",BA,VITORIA DA CONQUISTA
AVENIDA,MIGUEL SUTIL,"9300",LOJA  1034                      PISO L1                   SHOPPING ESTACAO          LADO PAR,SANTA ROSA,"78040365",MT,CUIABA
RUA,SINIMBU,"2302",SALA  501,CENTRO,"95020510",RS,CAXIAS DO SUL
RUA,CORONEL LUIZ JOSE DOS SANTOS,"2722",,BOQUEIRAO,"81670400",PR,CURITIBA
RUA,CANAVIAL,"100",,PLANALTO,"38706316",MG,PATOS DE MINAS
RUA,FLORIANO BERGER,S/N,,CENTRO,"29645000",ES,SANTA MARIA DE JETIBA
RUA,ALFREDO CHAVES,"300",,CENTRO,"95330000",RS,VERANOPOLIS
RUA,DAS PALMEIRAS,"219",,BAU,"78008050",MT,CUIABA
RUA,GUATEMALA,S/N,QUADRA27                  LOTE  13A4,SERRA GRANDE,"24342744",RJ,NITEROI
AVENIDA,MIGUEL VARLEZ,"18",,JARDIM PRIMAVERA,"11660650",SP,CARAGUATATUBA
AVENIDA,ROBERTO SILVEIRA,"2236",      GALPAO              LOTE  LC11                QUADRA0,FLAMENGO,"24903815",RJ,MARICA
AVENIDA,TOCANTINS,"786",QUADRA71                  LOTE  86,SET CENTRAL,"74043050",GO,GOIANIA
RUA,DOUTOR BOZANO,"1178",SALA  02,CENTRO,"97015002",RS,SANTA MARIA
AVENIDA,TEIXEIRA MENDES,"533",LOJA  01,CHACARA PEDRAS,"91330390",RS,PORTO ALEGRE
RUA,CARMELITA SOARES MUNIZ DE ARAUJO,"225",      CJ 003,CASA CAIADA,"53130645",PE,OLINDA
AVENIDA,CARLOS BERCHIERI,"2529",,CIDADE JARDIM (ZAGALO),"14890400",SP,JABOTICABAL
RUA,TRAVESSAO,"426",,CENTRO,"93990000",RS,MORRO REUTER
RODOVIA,IVO SILVEIRA  SC 108,"10011",KM    11                  LOJA  142/143,BATEAS - URBANO,"88355201",SC,BRUSQUE
ESTRADA,DA MINERACAO A PARTIR DA BR 010  KM 30,S/N,ANEXO HYDRA,FAZENDA MONTE SANTO DO PARA,"68625970",PA,PARAGOMINAS
AVENIDA,MARIANA RAMOS RIBEIRO,"168",,VILA MARIANA,"37600000",MG,CAMBUI
RUA,DESEMBARGADOR MORATO,"538",,CENTRO,"65606015",MA,CAXIAS
RODOVIA,ERS-407,S/N,,MORRO ALTO,"95530000",RS,MAQUINE
RUA,VINTE E QUATRO DE MAIO,"1162",,CENTRO,"60020000",CE,FORTALEZA
RUA,PERNAMBUCO,"251",,AREIAS,"88345146",SC,CAMBORIU
RUA,JOHANN OHF,"501",,AGUA VERDE,"89042300",SC,BLUMENAU
RUA,"1590","331",,VILA LENZI,"89252405",SC,JARAGUA DO SUL
AVENIDA,PREFEITO JOSE JUVENAL MAFRA,"2169",SALA  01,CENTRO,"88370168",SC,NAVEGANTES
RODOVIA,JOAO GUALBERTO SOARES,"980",,INGLESES DO RIO VERMELHO,"88058300",SC,FLORIANOPOLIS
RUA,DOUTOR ANTENOR SOARES GANDRA,"1459",PAVMTO1439,COLONIA,"13218111",SP,JUNDIAI
AVENIDA,BRASIL,"286",LOTE  05                  QUADRA05,SANTA GENOVEVA,"78652000",MT,CONFRESA
RUA,"15 DE NOVEMBRO","69",SALA  02,CENTRO,"84530000",PR,TEIXEIRA SOARES
RUA,PREF. RAUL PROENCA,"355",LOJA  A,CENTRO,"86270000",PR,SAO JERONIMO DA SERRA
AVENIDA,GUSTAVO FETTER,"1253",SALA  01,CENTRO,"89899000",SC,IPORA DO OESTE
RUA,BARBARA HELIODORA,"12",      FRENTE,SAO SEBASTIAO,"36202320",MG,BARBACENA
RUA,VALDEVINO VIEIRA CORDEIROS,"70",,RESSACADA,"88307370",SC,ITAJAI
AVENIDA,AIRTON SENNA,"625",,CENTRO,"64833000",PI,CANAVIEIRA
AVENIDA,JOAO NAVES DE AVILA,"720",CASA  COMERCIO,CAZECA,"38400053",MG,UBERLANDIA
AVENIDA,DAS AMERICAS,"01155",      SAL 2101,BARRA DA TIJUCA,"22631903",RJ,RIO DE JANEIRO
RUA,DEPUTADO ODON BEZERRA,"184",SALA  E0372,TAMBIA,"58020500",PB,JOAO PESSOA
RUA,DOUTOR JOSE DE ALBUQUERQUE PORCIUNCULA,"101",,FAROL,"57051345",AL,MACEIO
AVENIDA,BRASIL,"1661",,CENTRO,"78880000",MT,VERA
RODOVIA,SANTOS DUMONT,S/N,,CIS,"44011000",BA,FEIRA DE SANTANA
RUA,RAIMUNDO MEDEIROS,S/N,LOTE  PARQUE ALECRIM      QUADRA0001,ZONA DE EXPANSAO,"59280000",RN,MACAIBA
AVENIDA,BARTOLOMEU DE GUSMAO,"585",      PARTE,RECREIO,"45020107",BA,VITORIA DA CONQUISTA
AVENIDA,MINISTRO EVANDRO LINS E SILVA,"10/100",,PARQUE CECAP,"07190017",SP,GUARULHOS
AVENIDA,DOS ESTADOS,"1909",,ANCHIETA,"90200001",RS,PORTO ALEGRE
AVENIDA,TAB E PREF MARIA ARLINDA DE PAULA LOBO,"1146",,FRANCISCO MENEZES PIMENTEL,"62280000",CE,SANTA QUITERIA
ACESSO,ESTADUAL RIO MAINA,"1925",      LANCHONETE DENTRO         DA EMPRESA LA MODA,VILA MACARINI,"88818800",SC,CRICIUMA
RODOVIA,WASHINGTON LUIZ,"3000",      21L 49,VILA SAO LUIZ,"25055009",RJ,DUQUE DE CAXIAS
AVENIDA,ANTONIO VICENTE NOVELINO,S/N,ANEXO UNILEVER,ENCANTO  IGARASSU,"53620048",PE,IGARASSU
AVENIDA,"CONSELHEIRO NEBIAS, 401","401",ANEXO HOSP.  ESTIVADORES,ENCRUZILHADA,"11045910",SP,SANTOS
RUA,MARIA APARECIDA IOCI FERREIRA,"5100",ANEXO MINALBA,AGUA SANTA,"12460000",SP,CAMPOS DO JORDAO
AVENIDA,HENRY NESTLE,"2600",ANEXO TRIMTEC,GRAMA,"12286140",SP,CACAPAVA
AVENIDA,IMPERATRIZ LEOPOLDINA,"45",ANEXO REFEITORIO BIG,SAO JOSE,"93040153",RS,SAO LEOPOLDO
ESTRADA,RIO SAO PAULO,"5799",,CAMPO GRANDE,"23075247",RJ,RIO DE JANEIRO
RODOVIA,BR 386 KM 419 VIA DE CONTORNO,"212",ANEXO INNOVA,POLO PETROQUIMICO,"95853000",RS,TRIUNFO
AVENIDA,ENGENHEIRO ROBERTO FREIRE,"1962",LOJA  26                  COND  SEAWAY SHOPPING,CAPIM MACIO,"59082095",RN,NATAL
PRACA,MIN. SALGADO FILHO,S/N,,IMBIRIBEIRA,"51210902",PE,RECIFE
RUA,UVA ITALIA,"865",,OTAVIO ROCHA,"95272000",RS,FLORES DA CUNHA
RUA,RIBEIRAO DOURADO,"1669",,PARQUE ESTORIL,"79180000",MS,RIBAS DO RIO PARDO
RUA,JOSE NEVES,"765",ANEXO 767  773 E 779,VILA SAO PAULO,"04650142",SP,SAO PAULO
SETOR,SHTQ TRECHO 01 AVENIDA COMERCIAL LOTE 16,SN,TERREOTERREO,SETOR HABITACIONAL TAQUARI (LAGO NORTE),"71551010",DF,BRASILIA
AVENIDA,FRANCISCO RODRIGUES FILHO,"1891",,VILA MOGILAR,"08773380",SP,MOGI DAS CRUZES
RUA,RUA 12 CHACARA,"312A",LOJA  36 E 37,SETOR HABITACIONAL VICENTE PIRES,"72007730",DF,BRASILIA
AVENIDA,DO ORATORIO,"2710",ANEXO 2720-2722,PARQUE SAO LUCAS,"03220100",SP,SAO PAULO
AVENIDA,FRANCISCO MONTEIRO,"1298",,SANTANA,"09406300",SP,RIBEIRAO PIRES
AVENIDA,T4,"707",QUADRA141                 LOTE  10/11,SET BUENO,"74230035",GO,GOIANIA
RUA,JUVENTUS,"394",,PARQUE DA MOOCA,"03124020",SP,SAO PAULO
AVENIDA,CHAMPAGNAT,"2162",,JARDIM VENEZA,"14403050",SP,FRANCA
AVENIDA,GLAUCIO GIL,"940",      LOJAS 01 02,RECREIO DOS BANDEIRANTES,"22795172",RJ,RIO DE JANEIRO
RUA,ARMANDO STECK,"348",LOTE  1                   QUADRAA,JARDIM NIERO,"13290000",SP,LOUVEIRA
AVENIDA,DOS NACIONALISTAS,"464",ANEXO 498,JARDIM TANGO,"03901010",SP,SAO PAULO
QUADRA,SAAN QUADRA 2,"995",,ZONA INDUSTRIAL,"70632200",DF,BRASILIA
RUA,RUI BARBOSA,"286",,CENTRO,"15120000",SP,NEVES PAULISTA
RUA,DE OXALA,"168",,PARQUE DOS ORIXAS,"19160000",SP,ALVARES MACHADO
RUA,FLORIANO PEIXOTO,"33",,CENTRO,"49680000",SE,NOSSA SENHORA DA GLORIA
RUA,CORONEL FRANCISCO MOREIRA DA COSTA,"233",SALA  04,CENTRO,"37540000",MG,SANTA RITA DO SAPUCAI
TRAVESSA,ARISTIDES MIRANDA,"20",LOJA  02,ARIBIRI,"29120600",ES,VILA VELHA
AVENIDA,ALBINO JOSE BARBOSA DE OLIVEIRA,"1441",,JARDIM AFIFE,"13084551",SP,CAMPINAS
AVENIDA,PADRE IVO ANTONIO ZOLET,"640",SALA  1,CENTRO,"85515000",PR,BOM SUCESSO DO SUL
TRAVESSA,WE 69,"662",CONJ  CIDADE NOVA 6             ESQ.C/TV SN 23,CIDADE NOVA,"67140110",PA,ANANINDEUA
AVENIDA,GENERAL NETTO (CENTRO) - DE 253 AO FIM - LADO IMPA,"399",GARAGEGARAGEM,ANNES,"99010023",RS,PASSO FUNDO
RODOVIA,PA 160,SN,      VS 45                     QD 32                     LOTE 21                   ANEXO I,ZONA RURAL,"68537000",PA,CANAA DOS CARAJAS
RUA,JOLI,"412",,BRAS,"03016020",SP,SAO PAULO
,RUE THOMAS EDISON,"000000",,STRASSEN,,EX,EXTERIOR
RUA,MIGUEL DE SENA,"65",,PETROPOLIS,"55030210",PE,CARUARU
RUA,MARAVILHA,"129",QUADRA0045                LOTE  0455,JARDIM TROPICAL,"57316100",AL,ARAPIRACA
RUA,MIRO FELIPE DE MENDONCA,"140",,ALTO DE SAO MANOEL,"59633010",RN,MOSSORO
RUA,IMPERADOR,"20",,SITIO IPIRANGA,"94970240",RS,CACHOEIRINHA
RUA,GAVIAO,"126",,TRES MARIAS,"93295605",RS,ESTEIO
RUA,ZIRIPO,"21",,DISTRITO IPIRANGA,"94370000",RS,GRAVATAI
RUA,PRINCIPAL MA 402,"16",,SAPUCAIA,"65150000",MA,ROSARIO
RODOVIA,RSC 287,"1255",      DOCA 1,RINCAO COMPRIDO,"96930000",RS,CANDELARIA
RODOVIA,"GO 156, SENTIDO DIOLANDIA 2KM A ESQUERDA",S/N,,ZONA RURAL,"76680000",GO,ITAPURANGA
RUA,PRESIDENTE KENNEDY,"481",,CENTRO,"85810040",PR,CASCAVEL
RUA,DA CALMA,"350",,SERIEMA,"65602760",MA,CAXIAS
RUA,ERCINA LAPENDA,"140",,NOSSA SENHORA DA LUZ,"54749000",PE,SAO LOURENCO DA MATA
AVENIDA,MATO GROSSO,"48-A",,CENTRO,"76380052",GO,GOIANESIA
AVENIDA,ATAIDE TEIVE,"1410",,CENTRAL,"68900095",AP,MACAPA
RODOVIA,BR 135 S/N,SN,,CHAPADINHA,"65690000",MA,COLINAS
RUA,JUSTINO BEZERRA SN,SN,,DEOLINO BARROS,"65760000",MA,PRESIDENTE DUTRA
AVENIDA,DAS NACOES,"2703",,MARANATA,"76997000",RO,CEREJEIRAS
AVENIDA,ANTONIO SOARES,"87",,CENTRO,"63610000",CE,MOMBACA
AVENIDA,VINTE E SEIS DE MARCO,"1409",ANDAR 1,CENTRO,"06401050",SP,BARUERI
ESTRADA,"RS 456, KM 25",S/N,,"1 DISTRITO","95380000",RS,ESMERALDA
AVENIDA,MOFARREJ,"348",CONJ  1308 E VG,VILA LEOPOLDINA,"05311000",SP,SAO PAULO
RUA,PAULINO FERNANDES,"210",,SAMANAU,"59300000",RN,CAICO
ESTRADA,REDENCAO AO POCOS - KM 31,SN,,SITIO POCOS,"62790000",CE,REDENCAO
AVENIDA,SANTOS DUMONT,"4360",LOJA  N 2010 PISO L2,CENTRO,"42702400",BA,LAURO DE FREITAS
RODOVIA,"DOM GABRIEL P. BUENO COUTO KM 82,2",S/N,LOTE  AREA H              GALPAOC                   LOJA  DOCAS 19 E 20,PINHAL,"13315000",SP,CABREUVA
AVENIDA,ANHANGUERA,"410",,VILA PIRAJA,"14795000",SP,COLOMBIA
VIA DE ACESSO,NORTE (RODOVIA ANHANGUERA) KM 31 + 775M,"800",GALPAO7AO16,EMPRESARIAL ANHANGUERA,"07753580",SP,CAJAMAR
RODOVIA,BR-158,"1680",BRCAO 01                  BRCAO 09,VILA ESPERANCA,"85503310",PR,PATO BRANCO
RUA,BUALE MUSTAFA RATEIB,"10155",LOTE  C2                  GALPAO1A 1B E 1C,CHACARA CASTELO II,"79835000",MS,DOURADOS
AVENIDA,TORQUATO TAPAJOS,"7503",GALPAO13 14 15 E 17,TARUMA,"69041025",AM,MANAUS
AVENIDA,JOAO OLIMPIO DE OLIVEIRA,"1570",,VILA ASEM,"18202000",SP,ITAPETININGA
AVENIDA,GENERAL DAVID SARNOFF,"3185",QUADRA31-A                LOTE  0001                GALPAO01,CIDADE INDUSTRIAL,"32210110",MG,CONTAGEM
RUA,PROFESSOR TELMO DE SOUZA TORRES,"117",,PRAIA DA COSTA,"29101294",ES,VILA VELHA
FAZENDA,NOSSA SENHORA APARECIDA,SN,KM    22 MG259,AREA RURAL,"39237000",MG,FELIXLANDIA
AVENIDA,"24 DE MAIO","100B",QUADRA006                 LOTE  0191,CENTRO,"48000127",BA,ALAGOINHAS
RUA,BENEDICTA RODRIGUES DOMINGOS,"491",,PARQUE INDUSTRIAL LAGOINHA,"14095050",SP,RIBEIRAO PRETO
RUA,ALBERTO COELHO,"82",,COELHO,"24740010",RJ,SAO GONCALO
RUA,MARTINS FONTES,"13",,VILA DIVA,"13453048",SP,SANTA BARBARA D'OESTE
RUA,PRESIDENTE VARGAS,"613",,CENTRO,"79430009",MS,BANDEIRANTES
RUA,JOSE SERAFIM RIBEIRO,"80",,MARIA FRANCO,"79440174",MS,JARAGUARI
AVENIDA,PRESIDENTE DUTRA,"815",GALPAOC,FELICIA,"45055480",BA,VITORIA DA CONQUISTA
RUA,ANTONIO WELLERSON,"334",,SANTO ANTONIO,"36900133",MG,MANHUACU
AVENIDA,QUINTINO BOCAIUVA,"150B",,CENTRO,"76850000",RO,GUAJARA-MIRIM
ESTRADA,DOS TRES RIOS,"00529",      SAL 0107 SAL 0108         SAL 0109 SAL 0110         SAL 0111 SAL 0201         SAL 0202 SAL 0203         SAL 0204 SAL 0205,FREGUESIA (JACAREPAGUA),"22745004",RJ,RIO DE JANEIRO
AVENIDA,TABAPOA,"2305",ANEXO POSTO,SETOR 03,"76870363",RO,ARIQUEMES
ACESSO,DEPUTADO GENESIO TURECK  ACESSO OESTE,"3827",,COLONIAL,"89288675",SC,SAO BENTO DO SUL
AVENIDA,ANTONIO RAMOS ALVIM,"1043",,FLORESTA,"89211460",SC,JOINVILLE
ESTRADA,DO BONSUCESSO,"6001",GALPAO01,RIO ABAIXO,"08579000",SP,ITAQUAQUECETUBA
RUA,VANCOUVER,"464",,JARDIM CANADA,"34007722",MG,NOVA LIMA
AVENIDA,"28 DE DEZEMBRO","935",SALA  01,CENTRO,"96545000",RS,NOVO CABRAIS
RUA,JULIO CONCEICAO,"228",,VILA MATHIAS,"11015540",SP,SANTOS
AVENIDA,TUIUTI,"710",LOJA  500,VILA MORANGUEIRA,"87040900",PR,MARINGA
AVENIDA,GOIAS,SN,LOTE  12                  QUADRA94,ALMEIDA,"76165000",GO,AMERICANO DO BRASIL
AVENIDA,SANTA LUZIA,SN,QUADRA16                  LOTE  574,SETOR MORADA NOVA,"76180000",GO,NAZARIO
AVENIDA,BENTO DA SILVA BUENO,"1239",,PARAISO (POLVILHO),"07793690",SP,CAJAMAR
RUA,DAS SAMAMBAIAS,"1104",LOTE  04                  QUADRA127                 SALA  A,SETOR INDUSTRIAL SUL,"78557480",MT,SINOP
RUA,JULIO DE CASTILHOS,"35",SALA  103,CENTRO,"95940000",RS,ARROIO DO MEIO
AVENIDA,DUQUE DE CAXIAS,"1538",,MARCO,"66093030",PA,BELEM
RUA,MARIO TAMASHIRO,"428",,BOQUEIRAO,"11700055",SP,PRAIA GRANDE
RUA,JONAS OLIVEIRA,"01",,NOVO CARIUS,"63530000",CE,CARIUS
RUA,ALCIDIO VIANA,"837",SALA  607                 ANDAR 6,SAO PEDRO,"83005560",PR,SAO JOSE DOS PINHAIS
RUA,INDAIAL,"1474",APT   01,SAO JOAO,"88304301",SC,ITAJAI
RUA,ACYR DE OLIVEIRA LIMA,"65",,BOA VISTA,"84072288",PR,PONTA GROSSA
AVENIDA,ANGELO CALAFIORI,"601",,MOCOQUINHA,"37950000",MG,SAO SEBASTIAO DO PARAISO
RUA,DR ADEMAR DE BARROS,"379",,CENTRO,"14500000",SP,ITUVERAVA
AVENIDA,MARECHAL RONDON,"508",,JARDIM CHAPADAO,"13070172",SP,CAMPINAS
RUA,SEVERINA GIARETTA BEDUSCHI,"145",SALA  01,SEDE,"89874000",SC,MARAVILHA
RODOVIA,ANTONIO MARTINS DE MENEZES,S/N,KM    60,ZONA E-04,"49400000",SE,LAGARTO
RUA,STA JUSTINA,"660",CONJ  91,VILA OLIMPIA,"04545042",SP,SAO PAULO
RUA,EURICO SOUZA LEAO,"120",SALA,MANGUINHOS,"21041200",RJ,RIO DE JANEIRO
AVENIDA,AMAZONAS,SN,QUADRA56                  LOTE  02,LOTEAMENTO ARAGUAINA SUL,"77826170",TO,ARAGUAINA
AVENIDA,DOS PIONEIROS,"54",,CENTRO,"68537000",PA,CANAA DOS CARAJAS
RODOVIA,RODOVIA BR 316 KM 262,"262",SALA  01                  ANDAR 01,PRIMAVERA,"57120000",AL,SATUBA
AVENIDA,PRESIDENTE DUTRA,"298",,IMBIRIBEIRA,"51190515",PE,RECIFE
RUA,SETE DE SETEMBRO,"260",,CENTRO,"78278000",MT,LAMBARI D'OESTE
RUA,TRINTA DE MAIO,"1264",,CENTRO,"15470000",SP,PALESTINA
RODOVIA,AM 010,"2705",      ESTRADA DO AEROPORTOKM    2.7,PORANGA,"69100600",AM,ITACOATIARA
RUA,THOMAZ FLORES,"360",,CENTRO,"96810038",RS,SANTA CRUZ DO SUL
MARGEM,AS MARGENS DO RIO TAPAJOS ESTRADA PIMENTAL,SN,KM    11                        DISTRITO MIRITITUBA,ZONA RURAL,"68191400",PA,ITAITUBA
AVENIDA,"AVENIDA PRINCIPAL, CENTRO",S/N,,DISTRITO DE EXTREMA,"76847000",RO,PORTO VELHO
RUA,JOANA ANTONIOLLI SCARASSATTI,"133",SALA  2,PARQUE DA FIGUEIRA,"13140868",SP,PAULINIA
RUA,JOSE BATISTA DA MOTA,"254",,BELA VISTA,"59609605",RN,MOSSORO
AVENIDA,AFONSO PENA,"411",,CENTRO,"37270000",MG,CAMPO BELO
RUA,DR BERNARDINO VIEIRA,"310",,CENTRO,"37148000",MG,CONCEICAO DA APARECIDA
AVENIDA,PROTASIO ALVES,"2338",,PETROPOLIS,"90410006",RS,PORTO ALEGRE
RUA,ANTONIO HOLANDA MONTENEGRO,"40",SALA  A,SANTO ANTONIO,"59619750",RN,MOSSORO
RUA,LAGOA IBIRAPUERA,"1415",,MORUMBI,"85810800",PR,CASCAVEL
AVENIDA,COPACABANA,"1628",,CIVIT II,"29168076",ES,SERRA
RUA,BALAO MAGICO,"1040",GALPAO02 RUA M,JARDIM DO RIO COTIA,"06715780",SP,COTIA
RUA,PESSOA ANTA,"618",,CENTRO,"62430000",CE,GRANJA
RUA,"24 DE MAIO","1687",,CENTRO,"62400000",CE,CAMOCIM
RUA,PARMA,"57",,BETHANIA,"35164775",MG,IPATINGA
RODOVIA,PE 050,SN,KM    11                  GALPAO2 3 4,SITIO LAGOA DO SAPO,"55715000",PE,FEIRA NOVA
ESTRADA,UNIAO E INDUSTRIA,"10126",LOJA  03,ITAIPAVA,"25730745",RJ,PETROPOLIS
RUA,PRUDENTE DE MORAIS,SN,QUADRA41                  LOTE  35,PARQUE ANHANGUERA,"74340025",GO,GOIANIA
AVENIDA,MINISTRO SALGADO FILHO,"918",,SOTECO,"29106010",ES,VILA VELHA
RUA,OLIMPIO MIRANDA JUNIOR,"247",,CENTRO,"88301080",SC,ITAJAI
RUA,ANTONIO ALVES GUERRA,SN,,CENTRO,"62720000",CE,ITATIRA
RUA,VAZ CAMINHA,"1200",,JARDIM NOROESTE,"79045263",MS,CAMPO GRANDE
PRACA,VINTE DE SETEMBRO,"846",      INTERIOR 01,CENTRO,"96015360",RS,PELOTAS
AVENIDA,LEOPOLDINO DE OLIVEIRA,"4464",,CENTRO,"38010000",MG,UBERABA
RUA,PROFESSORA CARMEM GOMES,"67",,PANORAMA,"25963200",RJ,TERESOPOLIS
RUA,RUA TEREZA SOARES MARTINS DO PRADO,"118",,LOTEAMENTO PITO RISSO,"37795000",MG,ANDRADAS
RODOVIA,MARGARIDA DA GRACA MARTINS,S/N,KM    19                  ANEXO PARTE,AGUA SECA,"13420280",SP,PIRACICABA
ESTRADA,PARTICULAR DEMARCHI,"470",ANEXO PARTE,POSTE,"13213245",SP,JUNDIAI
RUA,"74","408",SALA  02,SET CENTRAL,"74045020",GO,GOIANIA
AVENIDA,CATARINA GUIDONI VOLPI,"181",TERREOCOMERCIO,VILA VERDE,"29665000",ES,SAO ROQUE DO CANAA
RODOVIA,MT 220,S/N,      KM 40                     COM 13 KM                 POR ESTRADA VICINAL       FAZENDA CAPIVARA,ZONA RURAL,"78578000",MT,IPIRANGA DO NORTE
RUA,DONA FRANCISCA,"1113",SALA  703/704,SAGUACU,"89221006",SC,JOINVILLE
RODOVIA,BR 101  SUL,S/N,      KM 82 7,PRAZERES,"54335000",PE,JABOATAO DOS GUARARAPES
RUA,DR. NILO PECANHA,"358",,CENTRO,"26600000",RJ,PARACAMBI
RUA,CASCAVEL,"1311",,GUARAITUBA,"83410270",PR,COLOMBO
AVENIDA,AFONSO PENA,"5723",SALA  1504 DT008,SANTA FE,"79031010",MS,CAMPO GRANDE
RUA,CAPITAO SANCHO,"209",,CENTRO,"38770000",MG,JOAO PINHEIRO
AVENIDA,SENADOR SALGADO FILHO,"2234",EDIF  NATAL SHOPPING      ANDAR PISO L2             LOJA  345,CANDELARIA,"59064900",RN,NATAL
AVENIDA,CORONEL BENTO DE GODOY,S/N,QUADRA01                  LOTE  03/04 E 20,JARDIM HANASHIRO,"75680280",GO,CALDAS NOVAS
RODOVIA,CORONEL-POLICIA MILITAR NELSON TRANCHESI,"1730",GALPAO9                   SALA  MG9A,ITAQUI,"06696110",SP,ITAPEVI
,MONTEVIDEO,"0",,MONTIVIDEO,,EX,EXTERIOR
AVENIDA,MARIA DE SOUZA MENDES,"951",,PIONEIROS,"36420000",MG,OURO BRANCO
RUA,AFONSO VICENTE LIRIO,"306",ANEXO 1,APARECIDA,"98240000",RS,SANTA BARBARA DO SUL
AVENIDA,UNISINOS,"950",SETOR D                   EDIF  01,CRISTO REI,"93022750",RS,SAO LEOPOLDO
RUA,OLYMPIO TEIXEIRA GUIMARAES,"116",LOJA  06 SALA 01,ESTORIL,"30494380",MG,BELO HORIZONTE
AREA,RURAL,"2970",      L. EN. 7 DE SETEMBRO,AREA RURAL DE SANTA CRUZ DO SUL,"96849899",RS,SANTA CRUZ DO SUL
AVENIDA,SANTOS DUMONT,"2771",LOJA  02,CENTRO,"42702400",BA,LAURO DE FREITAS
RUA,SEGUNDA,S/N,SETOR 05                  QUADRA140                 LOTE  0285,JARDIM AEROPORTO,"68182301",PA,ITAITUBA
ESTRADA,PRESIDENTE JUSCELINO KUBITSCHEK DE OLIVEIRA,"4414",,JARDIM ALBERTINA,"07252000",SP,GUARULHOS
AVENIDA,OTAVIO BRAGA DE MESQUITA,"3681",,VILA FLORIDA,"07191000",SP,GUARULHOS
RUA,JOAO CARRARO,"396",,CENTRO,"87950000",PR,PORTO RICO
RUA,CASTELO DE FARO,"20",SALA  308,CASTELO,"31330260",MG,BELO HORIZONTE
RUA,GENERAL CARVALHO,"00711",,CORDOVIL,"21250240",RJ,RIO DE JANEIRO
AVENIDA,DO CURSINO,"3090",      3094 E 3108,SAUDE,"04132002",SP,SAO PAULO
AVENIDA,JADER PIRES,SN,QUADRA1-A                 LOTE  19,CENTRO,"77485000",TO,DUERE
AVENIDA,VICENTE BARBOSA,SN,QUADRA27                  LOTE  03,CENTRO,"77493000",TO,LAGOA DA CONFUSAO
RUA,GERMANO HERMESMEYER,"170",SALA  02,CENTRO,"88763000",SC,SANTA ROSA DE LIMA
FAZENDA,APUCARANA GRANDE,SN,,DISTRITO DE NATINGUI,"84350000",PR,ORTIGUEIRA
AVENIDA,VENCESLAU PEREIRA MACHADO,"3",TERREO,CENTRO,"44950000",BA,UIBAI
AVENIDA,ALBERTO PULICANO,"3600",,DISTRITO INDUSTRIAL ANTONIO DELLA - TORRE,"14406100",SP,FRANCA
RUA,MINAS GERAIS,"344",SALA  9,VILA APARECIDA,"14401229",SP,FRANCA
SETOR,SRTVN QUADRA 701 CONJUNTO C ALA B SALA 222 PARTE B,SN,,ASA NORTE,"70719903",DF,BRASILIA
RUA,ARGENTINA,"200",,ENSEADA,"11602188",SP,SAO SEBASTIAO
RUA,HADDOCK LOBO,"1626",QUIOSQG101.2.,CERQUEIRA CESAR,"01414002",SP,SAO PAULO
AVENIDA,MIGUEL SUTIL,SN,,ALVORADA,"78048000",MT,CUIABA
RUA,SANTO ANTONIO,S/N,,SANTO ANTONIO,"69800000",AM,HUMAITA
AVENIDA,JOAO ANTONIO SILVEIRA,"1355",,RESTINGA,"91790519",RS,PORTO ALEGRE
AVENIDA,JOAO ANTONIO SILVEIRA,"1335",,RESTINGA,"91790519",RS,PORTO ALEGRE
AVENIDA,REITOR MIGUEL CALMON,"001210",      EDIF CENTRO MEDICO        DO VALE LOJA              GARAGEM,CANELA,"40110100",BA,SALVADOR
AVENIDA,SANTOS DUMONT,"500",SALA  404                 ANDAR 4,BOA VISTA,"86039090",PR,LONDRINA
AVENIDA,PERIMETRAL DAS SAMAMBAIAS,SN,LOJA  NUMERO 314W         LOTE  0021                QUADRAF,CENTRO,"78450000",MT,NOVA MUTUM
AVENIDA,FERNANDO CORREA DA COSTA,"5325",,COXIPO,"78080970",MT,CUIABA
RUA,"11",S/N,QUADRA01                  LOTE  08,CONJUNTO SERRA DA GALGA,"75675000",GO,CORUMBAIBA
RODOVIA,SP 340,S/N,KM    243,FAZENDA AGUA SANTA,"13700000",SP,CASA BRANCA
RUA,DOS MINERAIS,"57",,PARQUE SAO PEDRO,"08586080",SP,ITAQUAQUECETUBA
RUA,AMADOR BUENO DA RIBEIRA,"123",,NOVA ESPERANCA,"88336320",SC,BALNEARIO CAMBORIU
AVENIDA,GOVERNADOR JULIO CAMPOS,"234",QUADRA04,SETOR COMERCIAL,"78550260",MT,SINOP
RODOVIA,ANTONIO CAMATA,S/N,KM    3,ZONA RURAL,"29725000",ES,MARILANDIA
AVENIDA,PAULISTA,"2028",ANDAR 11 CV 1102          CONJ  111,BELA VISTA,"01310927",SP,SAO PAULO
AVENIDA,ALEXANDRE BATISTA GARCIA,"664",,CENTRO,"79580000",MS,INOCENCIA
AVENIDA,SANTA LUZIA,"104",,SANTA LUZIA,"38460000",MG,CASCALHO RICO
AVENIDA,NOSSA SENHORA DE FATIMA,"1691",,CENTRO,"48415000",BA,FATIMA
AVENIDA,ALVARES CABRAL,"880",,MORADA DO VALE I,"94085000",RS,GRAVATAI
QUADRA,CLSW 103 BLOCO A,S/N,SALA  102,SETOR SUDOESTE,"70670521",DF,BRASILIA
RUA,"22 DE OUTUBRO","479",,CENTRO,"97418000",RS,TOROPI
RUA,TICO TICO REI,"41",,JARDIM CARAVELLE,"86702666",PR,ARAPONGAS
AVENIDA,DUQUE DE CAXIAS,"740",SALA  03,VILA SAO CAETANO,"86025140",PR,LONDRINA
RUA,VOLUNTARIO CARPES,"52",,CENTRO,"88790000",SC,LAGUNA
RUA,RUA EDUARDO MAGALHAES,SN,,PROMISSAO,"68628488",PA,PARAGOMINAS
AVENIDA,GOVERNADOR VIRGILIO TAVORA,"4000",,AEROPORTO,"63020735",CE,JUAZEIRO DO NORTE
AVENIDA,ARAGUAIA,"1128",,JARDIM ARIANE,"68554535",PA,REDENCAO
AVENIDA,JOSE BONIFACIO,"2550",SETOR 1 - CNTRS 01 A 09   ANEXO 1 E 2,VILA ATALAIA,"86181570",PR,CAMBE
AVENIDA,ENGENHEIRO PLINIO DE QUEIROZ,"00",LOTE  GLEBA 62 - AREA B   SETOR G 1                 LETRA PQ RAIZ DA SERRA,ZONA INDUSTRIAL,"11570000",SP,CUBATAO
AVENIDA,HELIO PEDROSA CASTELO,"2331",,PLANALTO NELANDIA,"63660000",CE,TAUA
AVENIDA,TORQUATO TAPAJOS,"13147",,SANTA ETELVINA,"69059165",AM,MANAUS
RUA,ANDRADE NEVES,"1880",,CENTRO,"96020080",RS,PELOTAS
AVENIDA,BARAO DO RIO BRANCO,"211/A",,CENTRO,"79480000",MS,RIO VERDE DE MATO GROSSO
RODOVIA,BR CENTO E DEZESSEIS,"22301",LOJA  1A                  COND  PORTAL DO SUL CD    BLOCO BL 01,TATUQUARA,"81690901",PR,CURITIBA
RODOVIA,QUARTO ANEL VIARIO,"1670",      LOJA 02,PEDRAS,"60874401",CE,FORTALEZA
AVENIDA,SETE DE SETEMBRO,"1917",SALA  302,CENTRO,"88900013",SC,ARARANGUA
AVENIDA,EDSON DA MOTA CORREIA,"620",LOJA  117A                TERREO                          IANDE SHOPPING,CENTRO,"61600040",CE,CAUCAIA
RUA,ANTONIO MARANHAO,"237",,BAIXA FRIA,"77880000",TO,XAMBIOA
RODOVIA,ROD BR 242 KM 401 LD,S/N,      AREA,LARANJEIRAS,"46900000",BA,SEABRA
RUA,MIGUEL JOSE GIMENES,"75",,JARDIM PORTOBELLO,"18103750",SP,SOROCABA
AVENIDA,JULIO DE CASTILHOS,"1989",,CENTRO,"95010005",RS,CAXIAS DO SUL
RUA,BULHOES MARCIAL,"00983",      LOT OEX 971 PARTE,VIGARIO GERAL,"21241369",RJ,RIO DE JANEIRO
AVENIDA,BRASIL,"132",,NAVEGANTES,"90230060",RS,PORTO ALEGRE
ESTRADA MUNICIPAL,DA FAZENDA FABIANO,"1229",SALA  01,DA PONTE NOVA,"37640000",MG,EXTREMA
AVENIDA,SENADOR FEIJO,"733",      PARTE,VILA MATHIAS,"11015505",SP,SANTOS
RODOVIA,"BR 463, KM 18, ESTRADA PONTA PORA, FAZENDA SANTA ILDA",S/N,KM    18 ESQUERDA MAIS 4KM,ZONA RURAL,"79804970",MS,DOURADOS
VIA,MANOEL JACINTO COELHO JUNIOR,"605",GALPAO02,FAZENDA DA TAPERA,"32150245",MG,CONTAGEM
AVENIDA,SETE DE SETEMBRO,"496",,CENTRO,"76801028",RO,PORTO VELHO
RODOVIA,BR 277,"1650",,VILA SANTA HELENA,"83221565",PR,PARANAGUA
RUA,HUMAITA,"196",,JARDIM LOLA,"59296805",RN,SAO GONCALO DO AMARANTE
RUA,TREZE DE JUNHO,SN,,CENTRO-SUL,"78020000",MT,CUIABA
RODOVIA,BR 407 KM 104,SN,,RODOVIA,"48970000",BA,SENHOR DO BONFIM
TRAVESSA,GILMAR DE FRANCA CRISPIM,"09",,JARDIM DAS FLORES,"06114175",SP,OSASCO
AVENIDA,PRINCIPAL 1,SN,,JARDIM OURO FINO,"78600578",MT,BARRA DO GARCAS
RUA,TTCEL ANTONIO BRAGA,"440",,VILA SANTA CATARINA,"04376040",SP,SAO PAULO
RUA,SILVANO FERREIRA SANTOS,"887",,PORTO NOVO,"29155355",ES,CARIACICA
RUA,ZINHO MARQUES,"204",LOJA  2,CENTRO,"07600021",SP,MAIRIPORA
AVENIDA,TURMALINA,"214",LOJA  2                   LOJA  3,VILA TOBIAS,"39663000",MG,VEREDINHA
RUA,PLINIO SALGADO,"80",,DISTRITO INDUSTRIAL II,"13457192",SP,SANTA BARBARA D'OESTE
RODOVIA,BR 470,"1001",KM    281,SAO JOSE DO MARATA,"95748000",RS,SAO JOSE DO SUL
RODOVIA,PR-090,S/N,KM    374                 SALA  1                   LOTE  48/A1,GLEBA GUARANI,"86200000",PR,IBIPORA
RUA,DOUTOR PEDRINHO,"79",SALA  607                       SHOPPING                  VITORIA REGIA,RIO MORTO,"89082262",SC,INDAIAL
AVENIDA,"8 E",SN,QUADRA45                  LOTE  AR02                SALA  LABORATORIO,GARAVELO RESIDENCIAL PARK,"74932250",GO,APARECIDA DE GOIANIA
RODOVIA,JOAO LEOPOLDO JACOMEL,"12813",,ESTANCIA PINHAIS,"83323125",PR,PINHAIS
RUA,JOAO AMARO GOMES,"1550",,TANCREDO NEVES,"45993261",BA,TEIXEIRA DE FREITAS
AVENIDA,SYLVIO BETTI,"120",,RECREIO DOS SOROCABANOS,"18071025",SP,SOROCABA
RUA,FRANCISCO SANTOS,"151",,CENTRO,"49500067",SE,ITABAIANA
AVENIDA,TOWER AUTOMOTIVE,"300",GALPAO15 E 16,LARANJA AZEDA,"07430350",SP,ARUJA
RUA,JOAO PESSOA,"40",,CENTRO,"78840000",MT,CAMPO VERDE
AVENIDA,BRASIL,"1567",SALA  01,CENTRO,"85892000",PR,SANTA HELENA
RODOVIA,BR 101,"12750",GALPAO31 E 32             KM    124                 BOX   04,CANHANDUBA,"88313000",SC,ITAJAI
SITIO,GUAIVIRA,SN,,ZONA RURAL,"16250000",SP,CLEMENTINA
RUA,PINHEIRO MACHADO,"1838",,CENTRO,"95020171",RS,CAXIAS DO SUL
AVENIDA,PRES KENNEDY,"3984",      GALPAO 01 E 02,AGUAZINHA,"53300090",PE,OLINDA
AVENIDA,ALFREDO BANDEIRA DE MELO,"102",,SARAMANDAIA,"53620444",PE,IGARASSU
RUA,AVARE,"133",SALA  08,CONSOLACAO,"01243030",SP,SAO PAULO
RUA,SENADOR LEITE NETO,"269",QUADRA002,CENTRO,"49680000",SE,NOSSA SENHORA DA GLORIA
RUA,GENERAL LIMA E SILVA,"594",SALA  402,CIDADE BAIXA,"90050100",RS,PORTO ALEGRE
RODOVIA,BR 282,SN,KM    600,LINHA HUMAITA,"89890000",SC,CUNHA PORA
AVENIDA,"GOIAS QUADRA 345, LOTE 37","431",,CENTRO,"76380100",GO,GOIANESIA
RUA,FRITZ SPERNAU,"642",,ITOUPAVA NORTE,"89055200",SC,BLUMENAU
RUA,RUI BARBOSA,"4210",,PARQUE ALVORADA,"64004485",PI,TERESINA
AVENIDA,RUI BARBOSA,"5881",BLOCO 01,AFONSO PENA,"83045350",PR,SAO JOSE DOS PINHAIS
RUA,OLIMPIO DE SOUZA CAMPOS JUNIOR,"435",,INACIO BARBOSA,"49040840",SE,ARACAJU
RUA,JORGE DIENER,"88",ANEXO OXFORD S.A,OXFORD,"89285580",SC,SAO BENTO DO SUL
RUA,GENERAL LAURO SODRE,"250",,COMERCIARIO,"88802330",SC,CRICIUMA
RUA,PROJETADA 8B,SN,,CENTRO,"64793000",PI,CORONEL JOSE DIAS
AVENIDA,ALTO JACUI,"732",,CENTRO,"99470000",RS,NAO-ME-TOQUE
RUA,BRAZAPOLIS,"60",SALA  06,CIDADE INDUSTRIAL SATELITE DE SAO PAULO,"07223090",SP,GUARULHOS
AVENIDA,"17",SN,QUADRAQM01                LOTE  0012,RESIDENCIAL MORUMBY,"77502000",TO,PORTO NACIONAL
AVENIDA,HUMBERTO DE ALENCAR CASTELO BRANCO,"1187",LETRA A,ASSUNCAO,"09850300",SP,SAO BERNARDO DO CAMPO
RUA,BAHIA,"178",ANEXO 1,CRUZEIRO,"89286337",SC,SAO BENTO DO SUL
RUA,ROBERTO MARTIN,"179",,CENTRO,"89295000",SC,RIO NEGRINHO
RODOVIA,DO SOL,"2655",LOJA  01                  EDIF  MELODY,PORTAL DE ANCHIETA,"29230000",ES,ANCHIETA
AVENIDA,NOSSA SENHORA DA PENHA,"595",SALA  703 TORRE I         EDIF  TIFFANY CENTER,SANTA LUCIA,"29056245",ES,VITORIA
RUA,CAPRICORNIO,"106",,PARQUE SANTANA,"06515090",SP,SANTANA DE PARNAIBA
ESTRADA,PARA O BAIRRO NOVA PATRIA,S/N,ANEXO SITIO AGUA BOA,NOVA PATRIA,"19300000",SP,PRESIDENTE BERNARDES
RUA,KINITI MORI,"201",LOTE  79,LOTEAMENTO DISTRITO INDUSTRIAL UNINORTE,"13413069",SP,PIRACICABA
AVENIDA,PROF FRANCISCO MORATO,"464",,BUTANTA,"05512000",SP,SAO PAULO
RUA,GUARARAPES,"218",ANEXO COZINHA 12,BROOKLIN PAULISTA,"04561000",SP,SAO PAULO
RODOVIA,ROD BR 101 KM 101,S/N,COND  CLIP                GALPAOG236A E G236B,CENTRO,"58322000",PB,CONDE
FAZENDA,FAZENDA LAGE,SN,QUADRAQD  QH 03           LOTE  SN,PERIMETRO URBANO,"75901970",GO,RIO VERDE
SITIO,SAO BENEDITO,SN,,BICAME,"18500000",SP,LARANJAL PAULISTA
SERVIDAO,LAJE DE PEDRA,"73",LOJA  22 E 23,ITACORUBI,"88034605",SC,FLORIANOPOLIS
AVENIDA,DO COMERCIO,"632",LOTE  21                  QUADRA8,PACHECOS,"88134852",SC,PALHOCA
AVENIDA,TRES,"611",,DISTRITO INDUSTRIAL BANDEIRINHAS,"32654806",MG,BETIM
RUA,PEDRO MUGLIA,"21",LOTE  01,AEROPORTO,"36887036",MG,MURIAE
RUA,GIL STEIN FERREIRA,"258",ANEXO PISO 1              SALA  304,CENTRO ITAJAI,"88301210",SC,ITAJAI
RUA,LORENZ  DE 1001 AO FIM  LADO IMPAR,"1501",,ENCANO,"89086430",SC,INDAIAL
AVENIDA,CONTORNO,"8539",,NEGRINHO CARRILHO,"76385106",GO,GOIANESIA
RUA,JOAO MOREIRA DE PAULA,"2601",,RIO NOVO,"62850000",CE,CASCAVEL
AVENIDA,JULIO CESAR,S/N,SALA  02 TER.CAR.AEROPORTO,VAL-DE-CAES,"66115970",PA,BELEM
PRACA,COMENDADOR JOSE DIDIER,S/N,      CICRE ROSA          BOX   41                  SALA  02,CENTRO,"55200000",PE,PESQUEIRA
RUA,HATSUEY MOTOMURA,"39",LOTE  TRAV. SAMURAI  16,SILVEIRA,"09110080",SP,SANTO ANDRE
RUA,DAS ANDORINHAS,"103",,ERICINA M PAGIOLA,"29670000",ES,IBIRACU
RUA,DOS VIANAS,"1529",,VILA BAETA NEVES,"09760510",SP,SAO BERNARDO DO CAMPO
RUA,SEBASTIAO SIMAO DE SOUZA,"639",,JARDIM SANTA FE,"19910090",SP,OURINHOS
RUA,FAGUNDES DOS REIS,"327",,CENTRO,"99010070",RS,PASSO FUNDO
